full_text,teks_bersih,label
@CakKhum Satu lagi mentri laknatullah alaih... Urusan BBM etanol korupsi tambang pertamina semuanya bersumber dari orang ini...,CakKhum Satu lagi mentri laknatullah alaih Urusan etanol korupsi tambang pertamina semuanya bersumber dari orang,negative
Udah di oplos Ada etanol Harga naik Dan pertamina tetap rugi Benar benar luar angkasa bobroknya,Udah oplos etanol Harga naik pertamina tetap rugi Benar benar luar angkasa bobroknya,negative
Tertibkan dong @pertamina jangan rusuh etanol aja,Tertibkan dong pertamina jangan rusuh etanol,negative
Rieke Diah Pitaloka mempertanyakan kesiapan Pertamina menyerap etanol lokal. Jangan sampai produksi jalan tapi serapan nol impor malah tetap tinggi #dprri #pdiperjuangan #fraksipdiperjuangan https://t.co/wX2fmR2lhk,Rieke Diah Pitaloka mempertanyakan kesiapan Pertamina menyerap etanol lokal Jangan sampai produksi jalan tapi serapan impor malah tetap tinggi dprri pdiperjuangan fraksipdiperjuangan httpstcowX2fmR2lhk,negative
@susno2g @pertamina @Kemenperin_RI @KementerianESDM @Danantara_ri @KompasTV @tribunnews @tvOneNews yg jd masalah itu etanol/alkohol pak.. byk kendaraan tidak cocok u/ etanol.. etanol itu bahan dasarnya air.. air itu menyebabkan karat (apalg kadarnya tdk mendekati 100%) karet alami tdk tahan dg etanol tkg reparasi elektronik paham etanol meninggalkan bercak putih dll..,susno2g pertamina Kemenperin_RI KementerianESDM Danantara_ri KompasTV tribunnews tvOneNews masalah etanolalkohol kendaraan tidak cocok etanol etanol bahan dasarnya menyebabkan karat apalg kadarnya mendekati karet alami tahan etanol reparasi elektronik paham etanol meninggalkan bercak putih,negative
@susno2g @pertamina @KementerianESDM @Danantara_ri @Kemenperin_RI @kementan @tvOneNews @KompasTV &amp; rawan pengoplosan dg air.. bikin mubil/montror brebet.. bengsin campur etanol aja mrk udah berani ngoplos dg air pak.. spt pidiyo cak ji jatim.. https://t.co/UNDMhNmYNt,susno2g pertamina KementerianESDM Danantara_ri Kemenperin_RI kementan tvOneNews KompasTV rawan pengoplosan bikin mubilmontror brebet bengsin campur etanol udah berani ngoplos pidiyo jatim httpstcoUNDMhNmYNt,negative
@SnaiperMask Maksudnya yang sekarang itu soal BBM Etanol padahal Pertamina masih jelek tingkat kepercayaan publiknya dan Kewajiban Harus Beli BBM Mentah bagi BBM Swasta yang malah mematikan bisnis BBM Swasta dan Monopoli Pertamina.,SnaiperMask Maksudnya yang sekarang soal Etanol padahal Pertamina masih jelek tingkat kepercayaan publiknya Kewajiban Harus Beli Mentah bagi Swasta yang malah mematikan bisnis Swasta Monopoli Pertamina,negative
Pertamina kontol motor gue kecampur etanol bangsat cukimay. Lama-lama nih motor gw isi bimoli aja.,Pertamina kontol motor kecampur etanol bangsat cukimay Lamalama motor bimoli,negative
 nek cangkeme sampeyan gak brebet aku melok nggo sepedaku tak isi etanol @bahlillahadalia #pertamina #etanol #bahlil https://t.co/H3tI2JwzBo,cangkeme sampeyan brebet melok nggo sepedaku etanol bahlillahadalia pertamina etanol bahlil httpstcoH3tI2JwzBo,negative
Jadi gimana ini keberlanjutannya pertamina?? Masih ada etanol nya nggak? Pusing bangett mau isi pake BP tapi sering banget habiss.. mau di isi pake pertamina udah trauma sepeda mogok kek kemarin. Udah di servis masa isi pertamina lagi? Gimana niihh:((( #pertamina #solusi,Jadi gimana keberlanjutannya pertamina Masih etanol nggak Pusing bangett pake tapi sering banget habiss pake pertamina udah trauma sepeda mogok kemarin Udah servis masa pertamina lagi Gimana niihh pertamina solusi,negative
@Syifaaaaaa9_ Pertamina pgen pegang kendali monopoli import minyak swasta.. jadi biar dia satu² importir.. jelek nya lagi BBM Pertamina di oplos Etanol.. dan itu di protes pihak SPBU swasta.. krna swasta import BBM Murni tanpa campuran Etanol.. etanol bisa menurunkan kinerja mesin.,Syifaaaaaa9_ Pertamina pgen pegang kendali monopoli import minyak swasta jadi biar satu² importir jelek lagi Pertamina oplos Etanol protes pihak SPBU swasta krna swasta import Murni tanpa campuran Etanol etanol bisa menurunkan kinerja mesin,negative
@AntzBrutallica @GNFI Justru harus peduli wak menyangkut permesinan lho wkwkwk Pertamina 10% etanol aja kalian protes masa yg begini malah abai Standar ganda And this statement come from me as pembenci pemangku kebijakan yg tiap hari selalu ngasih kabar jelek.,AntzBrutallica GNFI Justru harus peduli menyangkut permesinan wkwkwk Pertamina etanol kalian protes masa begini malah abai Standar ganda this statement come from pembenci pemangku kebijakan tiap hari selalu ngasih kabar jelek,negative
@e100ss Apakah kalian sudah melakukan riset dan uji kelayakan soal bbm campur etanol? @pertamina @pertamina135 tp alhamdulillah BP makin rame rela antri drpd beli bensin di Pertamina ,e100ss Apakah kalian sudah melakukan riset kelayakan soal campur etanol pertamina pertamina135 alhamdulillah makin rame rela antri drpd beli bensin Pertamina,negative
@sjfi_twider Tak apelah bang udh pusing diriku sama negara sendiri mau kalian mocking pertamina silahkanlah terutama mocking bahlil aja sekalian si mister etanol itu si hitam dari gua hantu.,sjfi_twider apelah bang pusing diriku sama negara sendiri kalian mocking pertamina silahkanlah terutama mocking bahlil sekalian mister etanol hitam dari hantu,negative
bahlil ajg pertamina ajg etanol ajg ya kali sehari bensin habis 3 bar,bahlil pertamina etanol kali sehari bensin habis,negative
@kumparan Bukan masalah etanol nya BLENDING hasil kilang Pertamina yg jelek org kilang pertamina aja belum Euro 5 bahkan Euro 4 aja kayanya gak semua kilang wkwkwk,kumparan Bukan masalah etanol BLENDING hasil kilang Pertamina jelek kilang pertamina belum Euro bahkan Euro kayanya semua kilang wkwkwk,negative
@xremiums Ngeles @pertamina busi disalahin..tolol..? Belum pernah uji kelayakan BBM+Etanol ya kan..?,xremiums Ngeles pertamina busi disalahintolol Belum pernah kelayakan BBMEtanol,negative
Seorang pemilik bengkel di Sidoarjo viral setelah mengunggah video dengan ucapan terima kasih etanol busiku laku semua. Dua hari kemudian ia mengunggah video baru yang memperlihatkan enam orang dari Pertamina datang ke bengkelnya untuk melakukan investigasi. Kedatangan itu https://t.co/Yt8f7uLAxH,Seorang pemilik bengkel Sidoarjo viral setelah mengunggah video dengan ucapan terima kasih etanol busiku laku semua hari kemudian mengunggah video baru yang memperlihatkan enam orang dari Pertamina datang bengkelnya untuk melakukan investigasi Kedatangan httpstcoYt8f7uLAxH,negative
Pertamina pakai campuran 3.5% etanol : wah goblok pertamina motor gw jd rusak gara2 pakai bbm dari pertamina... Bobibos baham baku dari tanaman = etanol 100% : mantap karya anak bangsa yg bikin pertamina bangkrut... PE-nya pertamina cuma bisa ketawa lihat kelakuam netizen...,Pertamina pakai campuran etanol goblok pertamina motor rusak gara2 pakai dari pertamina Bobibos baham baku dari tanaman etanol mantap karya anak bangsa bikin pertamina bangkrut PEnya pertamina cuma bisa ketawa lihat kelakuam netizen,negative
NDASMU A TAK UNCALI MERCON BUSI? AKU WINGI GANTI BUSI SEK PANCET YO COK JANCOK GANTI PEMPERS E FUEL PUMP KU YO SEK PANCET COK SING JELAS OJOK NGGAE ETANOL BANGSAT !!! @pertamina,NDASMU UNCALI MERCON BUSI WINGI GANTI BUSI PANCET JANCOK GANTI PEMPERS FUEL PUMP PANCET SING JELAS OJOK NGGAE ETANOL BANGSAT pertamina,negative
@pertamina Saya adlh satu korban motor brebet skrng beralih beli BBM ke swasta. Rasanya susah untuk percaya lagi. Beberapa waktu lalu marak Pertamax dioplos skrng pertalite dicampur etanol. Para pemangku kebijakan tolonglah buat kebijakan yg pro terhadap rakyat jangan membuat susah rakyat.,pertamina Saya adlh satu korban motor brebet skrng beralih beli swasta Rasanya susah untuk percaya lagi Beberapa waktu lalu marak Pertamax dioplos skrng pertalite dicampur etanol Para pemangku kebijakan tolonglah buat kebijakan terhadap rakyat jangan membuat susah rakyat,negative
@skubipap @tilehopper bensin pertamina paling kotor didunia untuk sekelas literate people cities yeah motor gw brebet jauh sebelum etanol 10% ada. Bahkan itu etanol udah ada di awal 2025 dgn kadar random around 2-3% di daerah distribusi. Ntah itu yg bikin spbu trucuk kemasukan air or kandang ayam,skubipap tilehopper bensin pertamina paling kotor didunia untuk sekelas literate people cities yeah motor brebet jauh sebelum etanol Bahkan etanol udah awal 2025 kadar random around daerah distribusi Ntah bikin spbu trucuk kemasukan kandang ayam,negative
@xremiums Kok bisa busi orang rusak bareng sehabis isi pertalite eh etanol ding @pertamina,xremiums bisa busi orang rusak bareng sehabis pertalite etanol ding pertamina,negative
@ferdinand_mpu pertanyaanya simple @pertamina punya alatnya nggak?? kalo punya kok masih bermasalah?? kalo tidak keuntungan dari penjualan BBM buat apa?? masih mendukung BBM pake etanol kah sempak merah?? https://t.co/VjgnGhRVGS,ferdinand_mpu pertanyaanya simple pertamina punya alatnya nggak kalo punya masih bermasalah kalo tidak keuntungan dari penjualan buat masih mendukung pake etanol sempak merah httpstcoVjgnGhRVGS,negative
@sbyfess Bajingan pemerintah sampek nyorokno rakyat semono e. Mugo2 mereka keselek etanol. Kuburane kebek etanol. Jan njengkelno. Sampek mbaringene BUMN khususe Pertamina ngomong rugi tutuk ono bareng-bareng. Btw yang antri semoga diberikan kesehatan dan keamanan selalu️️️,sbyfess Bajingan pemerintah sampek nyorokno rakyat semono Mugo2 mereka keselek etanol Kuburane kebek etanol njengkelno Sampek mbaringene BUMN khususe Pertamina ngomong rugi tutuk barengbareng yang antri semoga diberikan kesehatan keamanan selalu,negative
Belum hilang di ingatan soal apes kena bensin oplos lumpur. Sekarang mobil udah ada tanda-tanda kena bensin oplos etanol. Baru beberapa bulan lalu lo padahal harus di caci maki sekasar apa si ini pertamina ??,Belum hilang ingatan soal apes kena bensin oplos lumpur Sekarang mobil udah tandatanda kena bensin oplos etanol Baru beberapa bulan lalu padahal harus caci maki sekasar pertamina,negative
 Seluruh BBM Petralite Pertamina dipastikan tidak dicampur dengan etanol. Pertamina pastikan seluruh BBM yang terdistribusi sesuai regulasi pemerintah ️ #Pertamina #BangkaBelitung prioritaskan kebutuhan rakyat #GalaxyA56 #Fyp https://t.co/KcJIDcc5S6,Seluruh Petralite Pertamina dipastikan tidak dicampur dengan etanol Pertamina pastikan seluruh yang terdistribusi sesuai regulasi pemerintah Pertamina BangkaBelitung prioritaskan kebutuhan rakyat GalaxyA56 httpstcoKcJIDcc5S6,negative
ada proyek pembukaan lahan buat tanem tanaman yg bisa dijadiin etanol ~&gt; alkohol kek apa ya ya emg disengaja aja semua udh bagian dari sistem bahkan internal Pertamina sekalipun. gw yakin di sana banyak kok ilmuan2 super cerdas individu2 pilihan yg emg sadar kalo itu salah,proyek pembukaan lahan buat tanem tanaman bisa dijadiin etanol alkohol disengaja semua bagian dari sistem bahkan internal Pertamina sekalipun yakin sana banyak ilmuan2 super cerdas individu2 pilihan sadar kalo salah,negative
@westhernsea Padahal pertamina ada etanol 5% aja ribut ini etanol 100% pada puja puni. Indon indon,westhernsea Padahal pertamina etanol ribut etanol pada puja puni Indon indon,negative
@tempodotco Orang idiot ya begitu jelas yg persulit rakyat anggota DPR Contoh kecil Pertamina pertalite dicampur etanol rakyat gatau itu etanol ATAU AIR GAREM dan ojol dilarang pake pertalite maksudnya apa? Terus BPJS rakyat bayar tiap bulan tp gamau sakit dicover pdhl duit kita,tempodotco Orang idiot begitu jelas persulit rakyat anggota Contoh kecil Pertamina pertalite dicampur etanol rakyat gatau etanol ATAU GAREM ojol dilarang pake pertalite maksudnya Terus BPJS rakyat bayar tiap bulan gamau sakit dicover pdhl duit kita,negative
@_updateinfo Lawak kau malah si shell ga mau beli dri pertamina karna ada kandungan etanol,_updateinfo Lawak malah shell beli pertamina karna kandungan etanol,negative
bahenol (bahlil etanol) anjing sekali ini beat saya brebet pertamina lol,bahenol bahlil etanol anjing sekali beat saya brebet pertamina,negative
@IongbIack Tpi ini bukan soal etanol tapi bensinnya kecampur air jir banyak lagi hampir 1/4 dari botol air mineral 1L wkwk stress kayanya pertamina,IongbIack bukan soal etanol tapi bensinnya kecampur banyak lagi hampir dari botol mineral wkwk stress kayanya pertamina,negative
@TirtoID knp spbu swasta rame? tanya pertamina lah knp hancurin customer trust lu peak. bbm oplosan mengandung aer mengandung etanol and wtf.,TirtoID spbu swasta rame tanya pertamina hancurin customer trust peak oplosan mengandung mengandung etanol,negative
@Ozi_Tyo Sorry bukan belain bahlil tapi kayanya emang kualitas pertamina yang jelek Dunia soalnya udah mulai beralih ke etanol buat campuran bahan bakar Disclaimer aku bukan pendukung bahlil,Ozi_Tyo Sorry bukan belain bahlil tapi kayanya emang kualitas pertamina yang jelek Dunia soalnya udah mulai beralih etanol buat campuran bahan bakar Disclaimer bukan pendukung bahlil,negative
be bahlil &gt;saingan pertamina pada di singkirin semua &gt;bikin kebijakan untuk campurkan bbm dengan etanol yang notabene ga sehat buat motor karbu lama ni orang bikin kebijakan ga pernah benar dah mulai dari gas lpg tambang sama sekarang bbm. aneh bat mentri lu wok,bahlil gtsaingan pertamina pada singkirin semua gtbikin kebijakan untuk campurkan dengan etanol yang notabene sehat buat motor karbu lama orang bikin kebijakan pernah benar mulai dari tambang sama sekarang aneh mentri,negative
Percayalah aku paling benci kasus ini kek literally semua orang bergantung banget ama BBM. Terus motor sekarang belum disesuaikan ama BBM 10% etanol itu kupikir kemarin itu bakal diperbaiki taunya malah dilanjutkan. Motor suamiku juga kena gegara isi BBM Pertamina ,Percayalah paling benci kasus literally semua orang bergantung banget Terus motor sekarang belum disesuaikan etanol kupikir kemarin bakal diperbaiki taunya malah dilanjutkan Motor suamiku juga kena gegara Pertamina,negative
Pertamina buka bengkel gratis untuk motor brebet. Lucu juga ya berarti mereka udah tahu ada yang salah sama BBM-nya. Ini bukan soal mesin motor tapi soal kebijakan campur etanol yang dipaksakan Bahlil. BBM makin hijau tapi motor malah batuk-batuk. https://t.co/4VsMBkZqtD,Pertamina buka bengkel gratis untuk motor brebet Lucu juga berarti mereka udah tahu yang salah sama BBMnya bukan soal mesin motor tapi soal kebijakan campur etanol yang dipaksakan Bahlil makin hijau tapi motor malah batukbatuk httpstco4VsMBkZqtD,negative
@RestaWardhani @peredam03 Sama Bae yg bermasalah kan aturan yg di bikin si goblin ompong itu Dimana bensin harus bercampur etanol Mau Pertamina atau swasta ya sama,RestaWardhani peredam03 Sama bermasalah aturan bikin goblin ompong Dimana bensin harus bercampur etanol Pertamina atau swasta sama,negative
@JemmyMultazam @txtdrimedia Iya ini pengalaman yg aneh menurutku dulu bahkan sebelum ada etanol. Pemakaian sama tapi BBM dari swasta awet bener dibanding Pertamina,JemmyMultazam txtdrimedia pengalaman aneh menurutku dulu bahkan sebelum etanol Pemakaian sama tapi dari swasta awet bener dibanding Pertamina,negative
@aditya_rimba Etanol itu baik asal bukan bikinan pertamina &amp; bahlil,aditya_rimba Etanol baik asal bukan bikinan pertamina bahlil,negative
@mini_niwdir Kayaknya masih minta based fuel sih kalaupun nantinya diwajibkan etanol itu seharusnya perusahaan nya sendiri yang racik kandungannya. Yang selama ini bikin masalah kan kandungan pertamina gak bagus.,mini_niwdir Kayaknya masih minta based fuel kalaupun nantinya diwajibkan etanol seharusnya perusahaan sendiri yang racik kandungannya Yang selama bikin masalah kandungan pertamina bagus,negative
@PresidenKopi Kalau @pertamina menjual bbm tanpa etanol meskipun harganya di naikkan. Saya yakin etanol ini pasti gak laku. Apakah ini cara pertamina utk monopoli pasar menyingkirkan pesaing trus naikin harga.???,PresidenKopi Kalau pertamina menjual tanpa etanol meskipun harganya naikkan Saya yakin etanol pasti laku Apakah cara pertamina monopoli pasar menyingkirkan pesaing trus naikin harga,negative
@CecepLagi @PresidenKopi @pertamina @pertamina harus bertanggungjawab atas kerusakan seluruh kendaraan bermotor. Karena tidak semua mesin bisa mentolerir etanol.,CecepLagi PresidenKopi pertamina pertamina harus bertanggungjawab atas kerusakan seluruh kendaraan bermotor Karena tidak semua mesin bisa mentolerir etanol,negative
@PresidenKopi Bensinnya ditambahin etanol padahal di Pertamina sendiri Bbm nya udah ditambah etanol ,PresidenKopi Bensinnya ditambahin etanol padahal Pertamina sendiri udah ditambah etanol,negative
pertamina kontol pemerintah tolol. motor gue tangkinya tuh gede y puki masa gue harus keep it full setiap saat demi tangki gak ke-isi sama air grgr bensin tolol campur etanol?? mikir dong kontol.,pertamina kontol pemerintah tolol motor tangkinya gede puki masa harus keep full setiap saat demi tangki keisi sama grgr bensin tolol campur etanol mikir dong kontol,negative
@CecepLagi @PresidenKopi @pertamina Betul @pertamina @KementerianESDM jika harga turun mau dikasih etanol 20% pun sy yakin gk akan ada yg protes. Byk yg protes krn apa? 1. Hrg mahal dibandingkan luar negeri tp kualitas kalah. 2. Dicampur bahan lain yg tdk disosialisasikan tp harga sama pasti konsumen curiga.,CecepLagi PresidenKopi pertamina Betul pertamina KementerianESDM jika harga turun dikasih etanol yakin akan protes protes mahal dibandingkan luar negeri kualitas kalah Dicampur bahan lain disosialisasikan harga sama pasti konsumen curiga,negative
@Luspatercept @grok Nah kita pun sbg konsumen harus tau brp persen kandungan etanol yg dipakai di BBM pertamina kalo lebih dari 10% kan berarti pertamina sdh berbuat curang. Dan kalo kebijakan soal etanol ini dipake oleh swasta apakah mereka akan mengurangi kadar etanolnya atau tidak?,Luspatercept grok kita konsumen harus persen kandungan etanol dipakai pertamina kalo lebih dari berarti pertamina berbuat curang kalo kebijakan soal etanol dipake oleh swasta apakah mereka akan mengurangi kadar etanolnya atau tidak,negative
@gb_sleepy @kumparan klw mereka bilang murni berarti beneran murni karena mereka pernah batalin beli bbm dari pertamina karena gk murni uda dicampur etanol,gb_sleepy kumparan mereka bilang murni berarti beneran murni karena mereka pernah batalin beli dari pertamina karena murni dicampur etanol,negative
@Mangkuthok @kumparan yg dibeli BBM murni bukan campuran yg ada etanolnya dulu sempat ambil dari pertamina tapi batal gara2 uda dicampur etanol,Mangkuthok kumparan dibeli murni bukan campuran etanolnya dulu sempat ambil dari pertamina tapi batal gara2 dicampur etanol,negative
@Luspatercept @grok Oh i see bang. Tp bukannya penggunaan etanol itu di negara lain jg udh diterapkan ya. Kalo di sini masyarakatnya udh keburu trust issue sm pertamina udh mah pejabat di pertaminanya korupsi takarannya dikurangi RON nya diubah blm lg kebijakan ngawur dari si bahlil-,Luspatercept grok bang bukannya penggunaan etanol negara lain diterapkan Kalo sini masyarakatnya keburu trust issue pertamina pejabat pertaminanya korupsi takarannya dikurangi diubah kebijakan ngawur dari bahlil,negative
@PresidenKopi Apa ini maksudnya? Etanol kan memang dapat menyerap air dari udara. Ya pasti ada kandungan airnya. Jadi kalau mau aturan E10 diterapkan ada teknologi di pertamina yang karus dimodifikasi. Masa mau main campur gitu aja. Jangan bahlul. https://t.co/2T7mCQiKwS,PresidenKopi maksudnya Etanol memang dapat menyerap dari udara pasti kandungan airnya Jadi kalau aturan diterapkan teknologi pertamina yang karus dimodifikasi Masa main campur gitu Jangan bahlul httpstco2T7mCQiKwS,negative
 DARIMANA IDE BBM CAMPUR ETANOL? Jika ingin bersaing dengan SPBU SWASTA bersainglah secara sehat. Harusnya Pertamina meningkatkan kualitas BBMnya bukan malah menurunkan kualitas BBM. Rakyat dipaksa memakai BBM Pertamina yang jelek. https://t.co/uCUavFXybd,DARIMANA CAMPUR ETANOL Jika ingin bersaing dengan SPBU SWASTA bersainglah secara sehat Harusnya Pertamina meningkatkan kualitas BBMnya bukan malah menurunkan kualitas Rakyat dipaksa memakai Pertamina yang jelek httpstcouCUavFXybd,negative
@CecepLagi @PresidenKopi @pertamina kan kata purbaya juga harga modal pertalite cuma 4000 doang tanpa etanol pun harusnya harga jual pertamina harus turun dong a[lagi sdh campur etanol bensin/pertalite murni yang ternyata campuran,CecepLagi PresidenKopi pertamina kata purbaya juga harga modal pertalite cuma 4000 doang tanpa etanol harusnya harga jual pertamina harus turun dong alagi campur etanol bensinpertalite murni yang ternyata campuran,negative
Laaaah yg dijual ke swasta bahan dasarnya mengandung Etanol. Skrng bilang tidak mengandung etanol Hobby menipu rakyat itu apakah tertuang dalam visi misi perusahaan kaaah Pertamina: Pertalite Tidak Mengandung Etanol https://t.co/9BVfuQdvAp,Laaaah dijual swasta bahan dasarnya mengandung Etanol Skrng bilang tidak mengandung etanol Hobby menipu rakyat apakah tertuang dalam visi misi perusahaan kaaah Pertamina Pertalite Tidak Mengandung Etanol httpstco9BVfuQdvAp,negative
@aditya_rimba @reiikooooooo Pertamina kontol etanol kan nyerep kelembaban yg bisa jadi air kontol semua Pertamina taik BAHLIL gak bisa mikir memeg,aditya_rimba reiikooooooo Pertamina kontol etanol nyerep kelembaban bisa jadi kontol semua Pertamina taik BAHLIL bisa mikir memeg,negative
@Goestono ya setuju om. Pasti gak akan diberi tahu detail. Atau malah dapet instruksi dari para pimpinan SPBU bilang saja bensin dari pertamina ini tidak pake Etanol . Dan petugas SPBU nurut.,Goestono setuju Pasti akan diberi tahu detail Atau malah dapet instruksi dari para pimpinan SPBU bilang saja bensin dari pertamina tidak pake Etanol petugas SPBU nurut,negative
Abis ngisi bensin full tank trs brebet gini amat tinggal di indo etanol bagus kalau kualitas BBM dari pertamina bagus pak lil bahlil kualitas pokokknya aja kek tai benerin dulu aja baru di inovasi,Abis ngisi bensin full tank brebet gini amat tinggal indo etanol bagus kalau kualitas dari pertamina bagus bahlil kualitas pokokknya benerin dulu baru inovasi,negative
Selama Bahlil gak bisa ngurus pertamina jancok itu aku masih jadi haternya Bahlil. @bahlillahadalia udah ya main-main sama etanol orang dzolim yg oplos minyak dengan etanol nanti malah kuburannya dipenuhi etanol,Selama Bahlil bisa ngurus pertamina jancok masih jadi haternya Bahlil bahlillahadalia udah mainmain sama etanol orang dzolim oplos minyak dengan etanol nanti malah kuburannya dipenuhi etanol,negative
RI 1 MR Prabowo Subianto apa ini kedaulatan energi. SDM under skill kriminal bikin bio mass etanol 3 5 % oplosan pertalite. Jadi berair bikin mesin brebet batuk batuk mogok. Menteri direktur kilang operasional pertamina not kredibel integrity jg mutu n nama pertamina.,Prabowo Subianto kedaulatan energi under skill kriminal bikin mass etanol oplosan pertalite Jadi berair bikin mesin brebet batuk batuk mogok Menteri direktur kilang operasional pertamina kredibel integrity mutu nama pertamina,negative
BBM di Indonesia dari pusat dioplos dgn etanol oleh makelar impor Pertamina sampai daerah dioplos dgn minyak sumur ilegal oleh pengusaha SPBU. Persamaannya sama2 kegiatannya dibeking oleh aparat utk setoran ke pimpinannya. Bangsat..,Indonesia dari pusat dioplos etanol oleh makelar impor Pertamina sampai daerah dioplos minyak sumur ilegal oleh pengusaha SPBU Persamaannya sama2 kegiatannya dibeking oleh aparat setoran pimpinannya Bangsat,negative
@Suchie_22 itu ngapain bensinnya pake ditambahin etanol? pdhl bensin pertamina udh ada etanolnya.,Suchie_22 ngapain bensinnya pake ditambahin etanol pdhl bensin pertamina etanolnya,negative
pertamax dioplos pertalite dikei etanol emang buajingan og iki pertamina karo menteri esdm juancok,pertamax dioplos pertalite dikei etanol emang buajingan pertamina karo menteri esdm juancok,negative
@ARSIPAJA Ingat peristiwa rapat sama DPR Bahwa SPBU swasta menolak membeli minyak Pertamax dari Pertamina alasan etanol. Sekarang mulaidi mainkan. Pertalite di buat rusak sehingga rakyat di paksa beli Pertamax.,ARSIPAJA Ingat peristiwa rapat sama Bahwa SPBU swasta menolak membeli minyak Pertamax dari Pertamina alasan etanol Sekarang mulaidi mainkan Pertalite buat rusak sehingga rakyat paksa beli Pertamax,negative
Rusak nama pertamina gara2 dipaksain pemerintah pake etanol sarfasnya belum siap ,Rusak nama pertamina gara2 dipaksain pemerintah pake etanol sarfasnya belum siap,negative
@Ary_PrasKe2 @Anak__Ogi @BiLLRaY2019 @Budionotaslim3 @CakKhum @Cintada16 @elsaday__ @FirzaHusain @HumorJonTampan @jhonsitorus_19 @NgkongRoses Makanya pertamina klo gak bisa buat BBM berkualitas tutup aja. Kasih BBM asing. Udah harganya mahal kualitas buruk ditambahkan etanol segala.. Hancur lebur.. Udah gitu BBM impor dari Singapura pula.. Bangsat.. SAMPAH..,Ary_PrasKe2 Anak__Ogi BiLLRaY2019 Budionotaslim3 CakKhum Cintada16 elsaday__ FirzaHusain HumorJonTampan jhonsitorus_19 NgkongRoses Makanya pertamina bisa buat berkualitas tutup Kasih asing Udah harganya mahal kualitas buruk ditambahkan etanol segala Hancur lebur Udah gitu impor dari Singapura pula Bangsat SAMPAH,negative
@PaltiWest Mending balik lagi 100% BBM atau minyak murni deh di Konoha blm terverifikasi uji kelayakan kendaraan mesin untuk etanol kok maen coba-coba Pertamina mana mau rugi buat ganti rugi motor pelanggan nya kocak Mentri ESDM membolehkan etanol dicampur di BBM Pertamina ,PaltiWest Mending balik lagi atau minyak murni Konoha terverifikasi kelayakan kendaraan mesin untuk etanol maen cobacoba Pertamina mana rugi buat ganti rugi motor pelanggan kocak Mentri ESDM membolehkan etanol dicampur Pertamina,negative
@vigi_lantye @ARSIPAJA kalau (benar) indonesia terikat perjanjian paris lalu kenapa masyarakat tidak di edukasi dengan data? dari standart etanol pertamina keuntungan dan kerugian pakai etanol. karena fakta dilapangan kendaraan pada rusak akibat kebijakan ini dan tidak ada yg (mau) bertanggung jawab,vigi_lantye ARSIPAJA kalau benar indonesia terikat perjanjian paris lalu kenapa masyarakat tidak edukasi dengan data dari standart etanol pertamina keuntungan kerugian pakai etanol karena fakta dilapangan kendaraan pada rusak akibat kebijakan tidak bertanggung jawab,negative
@ingfokan @aditya_rimba @donpandiho Sudah di cek kok tidak ada kandungan etanol atau senyawa lain ini pasti karena ulah aseng (bismillah dirut pertamina) https://t.co/KWxlUkEDIS,ingfokan aditya_rimba donpandiho Sudah tidak kandungan etanol atau senyawa lain pasti karena ulah aseng bismillah dirut pertamina httpstcoKWxlUkEDIS,negative
@aditya_rimba katanya sih enggak ada campur2an...gatau dah yg bener mana..pusing warga pertalite diginiin mulu https://t.co/JX0YXoIEa6,aditya_rimba katanya enggak campur2angatau bener manapusing warga pertalite diginiin mulu httpstcoJX0YXoIEa6,negative
@e100ss Dirunut dari pernyataan pihak SPBU swasta yg batal ambil kuota bbm dr pertamina krn kandungan etanolnya tinggi &amp; diamini sama bahlil soal penggunaan campuran etanol 10% sdh bisa diambil kesimpulan siapa yg memainkan oplosan dr awal tak perlu bermain drama! Emg sdh rusak dr dlm.,e100ss Dirunut dari pernyataan pihak SPBU swasta batal ambil kuota pertamina kandungan etanolnya tinggi diamini sama bahlil soal penggunaan campuran etanol bisa diambil kesimpulan siapa memainkan oplosan awal perlu bermain drama rusak,negative
@yusuf_dumdum Etanol @pertamina Bahlil @golkarpedia merusak motor-2 kok kamu bela ? Gus Pekok !!!,yusuf_dumdum Etanol pertamina Bahlil golkarpedia merusak motor2 kamu bela Pekok,negative
woy pada ngisi bensin dimana jadinya? gue takut motor gue kenapa napa kalo isi di pertamina motor baru 2 bulan pls masa iya jadi burut gara gara bensin campur etanol,pada ngisi bensin dimana jadinya takut motor kenapa napa kalo pertamina motor baru bulan masa jadi burut gara gara bensin campur etanol,negative
@Afakhrudin728 @PaltiWest Pemerintah sendiri yg mengakui ada campuran etanol ketika shell dkk tdk mau beli BBM dr pertamina.. masak berita sdh ditayangken di media gitu msh tanya atas dasar apa..,Afakhrudin728 PaltiWest Pemerintah sendiri mengakui campuran etanol ketika shell beli pertamina masak berita ditayangken media gitu tanya atas dasar,negative
@Ngadinopanser @bangherwin Kebijakan negara sering bikin susah rakyat karena lahir dari ego politik atau visi ambisius tanpa analisis risikonya yang matang. Di kasus etanol campur BBM niat hemat impor dan ramah lingkungan mulia tapi tanpa infrastruktur Pertamina siap malah picu harga naik kerusakan,Ngadinopanser bangherwin Kebijakan negara sering bikin susah rakyat karena lahir dari politik atau visi ambisius tanpa analisis risikonya yang matang kasus etanol campur niat hemat impor ramah lingkungan mulia tapi tanpa infrastruktur Pertamina siap malah picu harga naik kerusakan,negative
Ngotot nyampurin etanol ke BBM tanpa beresin dulu infrastruktur Pertamina itu kayak maksa orang minum obat cacing padahal lagi demam: salah sasaran salah timing dan jelas bukan solusi. Bukti bahwa kebijakan di Indonesia saat ini selalu lahir dari ego bukan dari nalar. https://t.co/tn7DtM5Xt6,Ngotot nyampurin etanol tanpa beresin dulu infrastruktur Pertamina kayak maksa orang minum obat cacing padahal lagi demam salah sasaran salah timing jelas bukan solusi Bukti bahwa kebijakan Indonesia saat selalu lahir dari bukan dari nalar httpstcotn7DtM5Xt6,negative
@blackshark7890 Bahlil sengaja buat kegaduhan di masyarakat. termul mcm dia sdh layak dipecat Presiden @prabowo. sejatinya dia bersama pertamina hanya ingin cari keuntungan utk tutupi dana di pertamina yg banyak raib krn dipakai buat biayai ambisimulyono. itu bkn etanol tp air biasa @msaid_didu,blackshark7890 Bahlil sengaja buat kegaduhan masyarakat termul layak dipecat Presiden prabowo sejatinya bersama pertamina hanya ingin cari keuntungan tutupi dana pertamina banyak raib dipakai buat biayai ambisimulyono etanol biasa msaid_didu,negative
@blackshark7890 Pola ngoplos BBM fix kelakuan pertamina yg di rekomendasi si bahlil bahlul. jgn kan oplos dgn etanol dioplos dgn air biasa jg bisa. dr video tsb bisa di test klu air tsb bkn ethanol tp air biasa. #bahlilbahlul,blackshark7890 Pola ngoplos kelakuan pertamina rekomendasi bahlil bahlul oplos etanol dioplos biasa bisa video bisa test ethanol biasa bahlilbahlul,negative
@KangManto123 Jangan buta dan tuli @pertamina. Benerin kwalitas udh kemarin Pertamax rasa pertalite. Sekarang perlite ada etanol. Udh satu-satu jdi perusahaan penyedia BBM malah amatir. Maluuuuu aku tuh BUMN Indonesia model ky gini,KangManto123 Jangan buta tuli pertamina Benerin kwalitas kemarin Pertamax rasa pertalite Sekarang perlite etanol satusatu perusahaan penyedia malah amatir Maluuuuu BUMN Indonesia model gini,negative
Pertamina banyak amat kasusnya ga selesai2. Ini yang pertalite dicampur etanol benar gak @grok kok motorku juga brebet2. Mau beli bensin jadi bingung,Pertamina banyak amat kasusnya selesai2 yang pertalite dicampur etanol benar grok motorku juga brebet2 beli bensin jadi bingung,negative
Bahlil Etanol masa lalu nya kelam seperti kelamnya masa depan Pertamina. Kapan #PecatBahlil ??,Bahlil Etanol masa lalu kelam seperti kelamnya masa depan Pertamina Kapan PecatBahlil,negative
@PUTRY_NUSANTARA Sepertinya Pertamina gak mampu utk ngomong ke bahlul kalau hasil dari ngoplos prtlite dng etanol akan berdampak pada mesin roda dua dan roda empat dasar bahlul botol dungu..!!,PUTRY_NUSANTARA Sepertinya Pertamina mampu ngomong bahlul kalau hasil dari ngoplos prtlite etanol akan berdampak pada mesin roda roda empat dasar bahlul botol dungu,negative
ETANOL itu tidak berbahaya klu di olah di negara yg waras.... Masalahnya bukan di ETANOL tapi perusahaan yg mengolah nya yaitu Pertamina. Kita pernah di prenk Pertamax oplosan.... https://t.co/eAViYjTjYe,ETANOL tidak berbahaya olah negara waras Masalahnya bukan ETANOL tapi perusahaan mengolah yaitu Pertamina Kita pernah prenk Pertamax oplosan httpstcoeAViYjTjYe,negative
habis jemput ibu gara gara motornya mogok dijalan dan ternyata bener jd salah satu korban pertamina. bensin bisa bisanya di oplos sama etanol pantes aja gua cek tadi tangki bensinnya atasnya kayak ada air bening,habis jemput gara gara motornya mogok dijalan ternyata bener salah satu korban pertamina bensin bisa bisanya oplos sama etanol pantes tadi tangki bensinnya atasnya kayak bening,negative
@ARSIPAJA Kan b2b business pertamina buat nguntungin business suku cadang kendaraan bermotor yg terdampak etanol. Emg anjing,ARSIPAJA business pertamina buat nguntungin business suku cadang kendaraan bermotor terdampak etanol anjing,negative
@blaugrana1O Standar Pertamina yg jelek Artinya karena dioplos etanol Gitu aja kok gak paham,blaugrana1O Standar Pertamina jelek Artinya karena dioplos etanol Gitu paham,negative
Tolak BBM Etanol Pertamina. #TolakBBMEtanolPertamina #PecatBahlil,Tolak Etanol Pertamina TolakBBMEtanolPertamina PecatBahlil,negative
@pertamina noh etanol benerin kontol,pertamina etanol benerin kontol,negative
@bahlillahadalia Lo yang bikin ulah malah @pertamina yang harus tanggung jawab ke kendaraan korban bbm di oplos pake etanol. @prabowo @Gerindra udah pada sakit jiwa kali menteri lo wo. Tiap hari cuma bikin susah rakyat aja kerjaanya,bahlillahadalia yang bikin ulah malah pertamina yang harus tanggung jawab kendaraan korban oplos pake etanol prabowo Gerindra udah pada sakit jiwa kali menteri Tiap hari cuma bikin susah rakyat kerjaanya,negative
@putrasensei @SosmedAnu Situasi ini menggambarkan ledakan kerusakan motor di Jawa Timur setelah isi Pertalite Pertamina diduga tercampur air atau etanol yang bikin injektor rusak massal. Bengkel-bengkel jadi ramai konsumen mogok sehingga pengusaha dapat cuan melimpah dari perbaikan. Meme itu ironis,putrasensei SosmedAnu Situasi menggambarkan ledakan kerusakan motor Jawa Timur setelah Pertalite Pertamina diduga tercampur atau etanol yang bikin injektor rusak massal Bengkelbengkel jadi ramai konsumen mogok sehingga pengusaha dapat cuan melimpah dari perbaikan Meme ironis,negative
bensin mengandung etanol hasil pertamina impor yang rencana dibuang ke swasta so pasti tidak mau. tidak ada trust kepada mentri esdm yang katanya bisa kerja tapi mulutnya saja (beda dengan mulut pak baya). mobil keluaran terbaru masih sanggup minum bensin etanol mobil tua? mati,bensin mengandung etanol hasil pertamina impor yang rencana dibuang swasta pasti tidak tidak trust kepada mentri esdm yang katanya bisa kerja tapi mulutnya saja beda dengan mulut baya mobil keluaran terbaru masih sanggup minum bensin etanol mobil mati,negative
@tempodotco Diduga @bahlillahadalia mmg SDH menyiapkan supplier etanol miliknya utk supply @pertamina. Jadi wajar dia MEMAKSAKAN KEHENDAK baik ke WNI maupun ke SPBU swasta. Saya tetap pilih SPBU swasta. Percaya ke Bahlil itu musyrik. @Shell,tempodotco Diduga bahlillahadalia menyiapkan supplier etanol miliknya supply pertamina Jadi wajar MEMAKSAKAN KEHENDAK baik maupun SPBU swasta Saya tetap pilih SPBU swasta Percaya Bahlil musyrik Shell,negative
MBG digembosi LBP Pertamina ETANOL digembosi BAHLIL Kok masih belom sadar² sih pak @prabowo @bang_dasco @Gerindra,digembosi Pertamina ETANOL digembosi BAHLIL masih belom sadar² prabowo bang_dasco Gerindra,negative
@somexthread @sapajabowleh BBM JENIS PERTALITE PERTAMINA YG ADA DIPASARAN MMG KUALITASNYA TDK STANDAR (ADA PENCAMPURAN ETANOL AIR UDARA &amp; BAHAN ADITIF LAIN) SHG KANDUNGAN GAS SULFURNYA TINGGI. INI SGT MERUGIKAN KONSUMEN KRN DAMPAKNYA RESIKO KERUSAKAN MESIN TINGGI. SDH TERJADI BERULANG'. DASAR MALING!,somexthread sapajabowleh JENIS PERTALITE PERTAMINA DIPASARAN KUALITASNYA STANDAR PENCAMPURAN ETANOL UDARA BAHAN ADITIF LAIN KANDUNGAN SULFURNYA TINGGI MERUGIKAN KONSUMEN DAMPAKNYA RESIKO KERUSAKAN MESIN TINGGI TERJADI BERULANG DASAR MALING,negative
@somexthread bukan karena dioplos etanol emang jelek aja bensinnya pertamina,somexthread bukan karena dioplos etanol emang jelek bensinnya pertamina,negative
@tempodotco Ya ya ya tapi kan ada pasar yg gak mau pake etanol. Gila juga gesernya dari impor 1 pintu pertamina yg gak bisa nyediain barang standar swasta jadi etanol bahaya/gak bahaya.,tempodotco tapi pasar pake etanol Gila juga gesernya dari impor pintu pertamina bisa nyediain barang standar swasta jadi etanol bahayagak bahaya,negative
@twiramizu dioplos sama etanol emang bahlil anjim ngerusak mesin itu. kudu ganti pake pertamax atoga selain pertamina dah biar aman,twiramizu dioplos sama etanol emang bahlil anjim ngerusak mesin kudu ganti pake pertamax atoga selain pertamina biar aman,negative
Tolong pak @PurbayaYudhi @mohmahfudmd @prabowo @sudjiwotedjo @luhut_binsar @basuki_btp @ganjarpranowo Untuk pertamina jangan lakukan hal konyol melakukan oplos pertalite dengan etanol akibatnya kendaraan rakyat jadi korban banyak mobil motor rusak karena oplosan pertalite tsb.,Tolong PurbayaYudhi mohmahfudmd prabowo sudjiwotedjo luhut_binsar basuki_btp ganjarpranowo Untuk pertamina jangan lakukan konyol melakukan oplos pertalite dengan etanol akibatnya kendaraan rakyat jadi korban banyak mobil motor rusak karena oplosan pertalite,negative
@Doneh yang kalian ributin itukan nilai oktannya. pertamina yang adalah sumber dari segalah kadal menambahkan etanol lebih dari 20% disamping menaikan nilai oktan juga memboroskan kantong kalian. sampe situ paham?,Doneh yang kalian ributin itukan nilai oktannya pertamina yang adalah sumber dari segalah kadal menambahkan etanol lebih dari disamping menaikan nilai oktan juga memboroskan kantong kalian sampe situ paham,negative
bisa ga si ini pertamina kena somasi atau dituntut masyarakat gara-gara pertalite campur etanol ini?,bisa pertamina kena somasi atau dituntut masyarakat garagara pertalite campur etanol,negative
