steming_data,label
sutanmangara syahruzy aceh langka distribusi stok pertamina ubah pola sesuai konteks tanggap darurat,
pertamina gelar apel aman instalasi strategis lokasi tcolklgfam,
yunanalamsyah pertamina rugi marah mbak,
indranatatama manfaat kilang pertamina internasional unit balikpapan dorong ekonomi masyarakat,
shugasandarwa cuttyflam dimasdrg berita bilang beli pertamina murni beli oplos etanol,
pakar otomotif bebin djuana nilai tambah etanol bahan bakar dasar base fuel murah tingkat angka oktan bensin tanggap kandung etanol impor pertamina vivo batal beli barel base fuel tcoowsdeyt,
vaniepink konoha buanyak kendara versi mesin operasi jalan tengah tekan biaya awat kendara tcoeofmay tcoqkjbihbmk,
allah semenjak pertamina etanol motor jalan gede kencang mati motornyabikin celaka doang doang hidup susah pertamina bahlillahadalia,
masgah ijin jump curang pertamina sedia base fuel oplos etanol pertamina lepas mafia tolakbbmetanolpertamina stopdanadilimafiakkn,
pertamina dukung rencana perintah wajib etanol tcortkudjah,
bijak langkah nyata mandiri energi nasional campur etanol indonesia cepat transisi energi bersih ramah lingkung lanjut bbme pertamina etanol energibersih transisienergi energiuntuknegeri tcoykkbjimomt,
sidang korupsi pertamina ungkap aju pinjam diri jaksa sorot janggal proses kredit tcoolqfxstfdo tcovnglzhzj,
langka sumut dampak bencana ulah mafia tcorfqthvmmv bobbynasution divhumaspolri bumnidn pertamina prabowo,
antoniuscdn prabowo cakkhum paltihutabarat paltiwest arypraske anakogi pakarintelek grok grok jenis etanol campur pertamina,
notherme vitekwinsor fructusputridus redam artikel base impor kandung etanol persen swasta tolak beli impor pertamina fakta motor brebet massal pertalite jatim polisi sidak spbu pertamina investigasi tcokxivmhjqq,
wali kota balikpapan rahmad masud apresiasi proyek rdmp balikpapan sinergi perintah kota balikpapan pertaminakpi nyata beliau rilis november tcojuvibsernf,
pertamina patra niaga sumbagut tembus wilayah isolir sibolga pulau nias kirim puluh bantu masyarakat dampak bencana,
spbu siaga libur natal pertamina bangkabelitung tcomfkvevl,
pertamina patra niaga sumbagut pasti distribusi jaga tcobgvescngem,
rencana pertamina hadir campur etanol persen sambut positif produsen sepeda motor indonesia salah satu motor indonesia baca lengkap tcofmplnridz pertamina tvsmotorindonesia tcoavpmwjov,
spbu swasta tutup habis stock pertamina etanol orang indonesia ikhlas dizholimin,
andinurhasnah kilang pertamina internasional angkat ekonomi lokal,
petralite pertamina campur etanol pertamina pasti distribusi sesuai regulasi perintah pertamina bangkabelitung patriot mbgbangk tcojesfsuqq,
tabloidlugas taufikbush jeffrysentana humasaceh kemenkesri humaspoldaaceh kodamim pertamina maharprastowo terima kasih informasi banjir langsa november sebab langka naik harga bahan pokok lapor bnpb media lokal bantu distribusi perintah aceh pertamina lambat,
pertamina kerah helikopter airdrop logistik warga isolasi aceh tamiang tcoxgmxgwfzn pertamina,
ngono seng ngisi bensin pertamina kakean omong ngarepku jaluk lakok isi ngono cengar cengir ngentot fokus antri akeh bangsat omong omong fokus,
blaugranao parah nista logo pertamina bahlil lihat kayak bot suntik etanol,
pertamina langka aceh khusus aceh barat antre tiap spbu,
hmmm ramal demo pertamina campur etanol,
antre ular pertamina jamin distribusi aceh sumatera aman berut tcokgtfdifs,
sambil ulil alas pikir kreatif petronas nyedot minyak malaysia doang inisiatif mana tender bor untung gede pertamina lahan sawit malaysia sebesae indonesia produk turun sawit think,
pertamina jalan etanol persen hijau boros tcolybguhwuu,
sibelerfufufafa jimans bagus jelek bahan bakar melulu cuman oktan doang bilang pertamina busuk kualitas tangki simpan pomnya jelek masuk cair adiktif warna jelek luntur kendara bagus swasta,
arsipaja janji pertamina impor base fuel murni spbu asing kandung etanol paksa beli,
arypraske cium konspirasi guna etanol pertamina swasta mari simak etanol hasil tanam tebu jenis tanam flashback juta kebun tebu buka papua lantas produksi,
kiranaalsy kilang pertamina balikpapan,
humorjontampan pertamina mypertaminaid gegara etanol usaha minyak tolol,
arsipaja tanya pertamina campur etanol sangsi dilakuin tahu gara spbu swasta nolak,
tcoeesstycje mobilitas masyarakat tingkat libur pertamina prediksi konsumsi bahan bakar lonjak rinciannya,
bukti nyata hadir kilang pertamina balikpapan investasi lapang kerja buka ekonomi tumbuh signifikan data balikpapan bangun tahan energi nasional cantik wajah kota minyak,
teguhfriend goodrecom langka pasok spbu swasta shell vivo agustus kuota impor habis cepat akibat lonjak minta nasional enggan beli base fuel pertamina lantar kandung etanol lebih standar,
titaniaayukinan kerja hebat kilang pertamina internasional,
pertamina atas langka elpiji aceh sumut sumbar banjirlandaaceh dprri tconoamugs,
investasi piring rdpm balikpapan alir rejeki hari balikpapan dar angka cerita tulis kilang pertamina internasional kilang balikpapan,
blank totopethul mekanisme gembos genk solo asik sebar ijazah publik ragu hilang respek aparat coba cebokin tekan publik muncul tokoh dukung gembos satu pertamina whoosh imip tambang bala hutan,
msaiddidu prabowo pertamina komisaris tolol mabok banyak minum bensin etanol bumnidn,
jatengtwit pertamina kira dagel lulus mondar mandir kimia nama etanol campur bensin oktan normal sedia ya kudu lapor pabrik kendara ngasihhh kerja temu teknologi olah goro gegara gagal piala dunia,
tjahajababimu redam rencana target wajib gantung kesiap produksi etanol pertamina jual pertamax green etanol aman kendara risiko korosi rendah banding,
erickthohir jadi sepakbola tutup langka ngalihin pertamina banyak etanol,
siang bensin pegawai pertamina pakai jeans anjir,
pertamina gelar apel serentak aman instalasi strategis tcouarizixd,
soyunsong jimans bal pertamina,
chocooo ajgjlzfvck ballericx baca berita kemarin gegara bencana langka pertamina kemarin bahlil omong aman sumatera warga protes komen hate nyata sana susah genset pakai solar,
pertamina sedia layan telepon butuh tangan bencana tcobijqniztp,
lenting bahlil jembatan etanol super mister terawang politik tuju menteri bahlil paksa spbu swasta beli base fuel pertamina langkah bisnis fair mati iklim saing usaha tarik analis tcohiclpxc,
pengin tugas pertamina,
kenhans pertamina mypertaminaid menteri etanol manaya,
budibukanintel kemarin maren baca headline langsung tebak pertamina anehnyq asih ditambahin etanol usaha resep,
rugi negara akibat pertamina pertamax oplos capai triliun kuadriliun bahlil bahul oplos hibiki etanol biar pintar tcoqqfotburz,
vigilantye xtramadolx gnfi bacot bilang negeri pakai berani sampel busuk pertamina campur etanol,
presiden prabowo khusus kerah direktur utama pertamina instruksi pimpin upaya pulih cepat listrik wilayah bencana sumatera butuh vital aktivitas masyarakat operasional tangan darurat tcoymgqcdke,
comeback been waiting coach bulentkarslioglu officially back with jakarta pertamina enduro musim bukti kualitas gelar juara coach bulentkarslioglu penuh optimis tcosawwpufvoi,
simfoniswasta nilai masyarakat kilang pertamina,
tempodotco duancokkk minggu konsumsi liter pakai spbu kerang kmliter dasar bahlillahadalia pertamina etanol tcojmmxwrmkrp,
dirjen migas menteri esdm laode sulaeman spbu swasta shell indonesia beli bahan bakar dasar base fuel pertamina tolak pasok kualitas internal usaha campur etanol aman tcofcqzhltztw,
panik dengar kota habis sadar wilayah pertamina patra niaga otomatis salur aman,
empugindrang jinghaoo sbyfess investigasi pertamina kanggo nemokake akar sing mung campur etanol sing standar pertalite bioetanol wiwit amarga distribusi simpan utawa kontaminasi spbu dadi yaiku tanggung atur kualitas sing aman kanggo,
dosafotografer zakkyabdil puzzwles pertamina rugi gara gara kulu kulu,
perintah kerah truk alat berat tamiang akses darat pulih tvri tvrinews tvrinasional mediapemersatubangsa pertamina acehtamiang aceh tcogaddlik,
kilang pertamina internasional rdmp balikpapan kilang warga berkah turun bawa mata bahagia cerah tcoqeargwgee,
pertalite campur etanol pertamina tconatuojbhg,
hst elonmusk bahlillahadalia prabowo coba bioetanol gelar spbu kayak pertamax green spbu pertamina data cnbc esdm oktober langsung tugas spbu penasaran haha arak tebu etanol minum bikin diabetes amarga gulane campur,
pagi manggar motor yanti warung makan penuh rdmp balikpapan jalan pesan karyawan kilang balikpapan sepi umkm kelas berkat kilang pertamina internasional tcouvllfjnc,
soyunsong jimans semarang pertamina doang,
naik harga penuh target korupsi pertamina,
rianaz lihat mobil tank pertamina ngisi habis bensin setan bikin marah katai main perintah anjing anjing security,
jimans swasta monopoli pertamina malaysia mending ngisi swasta pertamax pertalite kayak kualitas pertamina oplos wkwkwk,
jimans jateng minim spbu swasta mobil indostation tutup sementarapermanen kabupaten ngisi pertamina kayak judi pertamax series nasib warga provinsi miskin indonesia tcorwvvivaddz,
disanjaya korupsi besar beliau pertamina lupa,
barusan spbu swasta pertamina impor kali barel base fuel konversi ribu kiloliter tolak spbu swasta kandung etanol pertamina bilang guna pertamax green produk pakai,
prajogoj antoniuscdn prabowo cakkhum paltihutabarat paltiwest arypraske anakogi pakarintelek pertamina pakai dynaflex teknologi proprietary shell bersih mesin optimasi performa pertamina aditif pertamax guna etanol bijak perintah kurang emisi impor untung,
jatengtwit pertamina kapai kasihan presiden presiden percaya orang diresuffle ikut pakai gaya false dilemmanya bahlil omong suka etanol brati cinta lingkung,
lahriansyahilla pertamina toyota kandung etanol aman efektif kendara,
terimakasih supir tangki pertamina,
arsipaja jahat kapai jegal swasta bikin ekosistem investor malas indonesia bikin rakyat paksa pakai pertamina kuaitasnya buruk sulfur timbal etanol tambang nikel raja ampat bahlil tolol ijazah,
sorry logika balik dinasti riza chalid habis beli bijak dirut pertamina simon bongkar borok jaksa sikat habis tcogfikcbv,
nandoarmano bukti etanol pertalite pertamina tabok bahlil percaya,
perintah bodoh wajib campur etanol asuransi rusa kendara rakyatindonesia rakyat korban salah beli mafia pertamina prabowo dprri setkabgoid puanmaharaniri ojol driverindonesia mahasiswa buruh bangdasco,
pasti stok aman dinas esdm aceh pertamina imbau masyarakat panic buying tcotolcwlcty,
vikry antoniuscdn prabowo cakkhum paltihutabarat paltiwest arypraske anakogi pakarintelek spbu swasta bpakr vivo shell batal beli pertamina kandung etanol base fuel impor anggap sesuai spesifikasi pesan mes murni campur campur etanol,
pertamina pilar utama jaga tahan energi nasional pasok kualitas distribusi rata layan profesional pertamina butuh energi masyarakat penuh aman lanjut pertamina etanol tcosbjhpz,
realfedinuril prabowo rajajuliantoni menhut tentara dirut maskapi pertamina rit untung tonton pangku,
nasihangatz pertamina rugi,
evaaraa dampak bangun kilang pertamina masyarakat sktr,
campur etanol campur tiner mbok gawe ngecet wesia pertamina bahlil tcohubpfjqsqg,
aewin etanol diributin pertamina jual bensin etanol nama pertamax green lihat tinggal kota geetuu tcotdbzgeqnl,
pertamina rebu boncos aing,
sharpandshark pertamina pakai etanol hujat bobibos salah bahan utama etanol puji,
rchristtopher arsipaja defisit abang lihat pertamina etanol bangsat,
arfiecandra cnnindonesia salah faktor utama concern pertamina wajib swasta beli pertamina perintah prkatik sehat kacamata investasi sikap swasta cnderung ngipasin etanol lyak,
pegawai pertamina tolong bensin tangki itung duit kelarin isi beluber bensin,
mediajama xendlesss pertamina bensin pangkal juang samping gedung horizon university,
fkurniawanh savvytrader pertamina etanol murah,
anak kabupaten pertamina menang,
omooo mbakmbak pertamina,
kerry adrianto riza heran dakwa rugi negara triliun sewa terminal manfaat pertamina beneficial owner navigator khatulistiwa muhammad kerry adrianto riza rugi negara rp triliun perkara duga tcoeehuwdloyz,
favstrangr syap ingpo ordal pertamina,
operasi rfcc complex kilang pertamina internasional kuat kapasitas olah dampak ekonomi jangka balikpapan tcoaubxmdfks,
kisruh pertamina tegas pertalite kandung etanol pertamina patra niaga produk pertalite edar spbu pertamina produksi tambah etanol tegas susul tcozdfxxfnfk,
hendriisis konfestions kapasitas etanol indonesia defisit ribu kltahun butuh nasional pertamina push produksi tebu impor kemelut pertaminaswasta kandung etanol,
menteri bahlil lahadalia kunjung kota bireuen jajar kesdm pertamina pulih jaring listrik sedia banjir sebab putus jembatan bahlillahadalia esdm golkar prabowogibran tcorxkstvqzt,
somexthread bahlil hidup abang sila pertamina kasih etanol gpp biar swasta masuk shell vivo biar rakyat pilih parah abang ngeri abang rakyat ngamuk abang,
tanyakanrl kayak pertamina nder potong bpjs,
puzzwles bumnidn pertamina pln ditjenpajakri beacukairi gudang koruptor,
indranatatama kilang pertamina internasional,
wkwkwkwkkw laut cerita main disas mertua kontroversi keluarga laki sejarah korupsi pertamina gurllll change that laut cerita oligarki,
kompascom bicara etika basi pertamina pertalite pertamax campur etanol etika,
pertamina patra niaga produk bahan bakar minyak pertalite edar spbu pertamina produksi tambah etanol baca tcoktlogwsyi pertamina pertalite etanol tcofnrnbxqk,
infojktcom toyota kandung etanol pertamina uji nyata aman,
harga pertamina shell vivo resmi laku desember tcovlvjqkstrw,
pertamina rugi sakjane urus usaha,
bela pertamina firnando ganinduto tegas base fuel etanol persen langgar atur bahlillahadalia kuningkeren golkarindonesia partaigolkar golkarpedia tcoibrcaorr,
pertamina kandung etanol toyota duga tcojdwecep,
rayapbesi ess motor mbrebet surabaya lapor pertalite duga sebab kualitas masalah campur etanol kontaminasi pertamina investigasi ganti rugi bukti saran coba ganti pertamax ganti busifilter,
antonsubagia bankjoee susnog jediimar satrioaji feroferraferri bonapasogit verenasusilowa smileyndelight fdonghun queensilence bangsaygsujud hotelbrongto ferdinandmpu mohmahfudmd msaiddidu halo total triliun catat dasar estimasi pertalite pertamax premium data aktual divalidasi lapor esdm pertamina lanjut,
narasumber ppatk stranas ditjen pajak menteri esdm pertamina rekomendasi teknis bijak lanjut kementerianhukum kanwilkemenkumdiy layananhukummakinmudah setahunberdampak kanwil kemenkum tahun gerak dampak,
selebtwitmobil starlink elonmusk pln pertamina telkomsel telkomindonesia telkomsel asih takut suruh syukur,
solusi hijau generasi campur etanol bahan bakar bantu tekan emisi karbon kuat komitmen indonesia energi bersih lanjut bbme pertamina etanol energibersih transisienergi energiuntuknegeri tcoprsqezkqe,
wali kota balikpapan rahmad apresiasi sinergi pertamina perintah kota cipta peluang kerja topang ekonomi masyarakat alhamdulillah ekonomi masyarakat lokal tingkat tcotdxuyw,
pertamina patra niaga gerak cepat suplai energi jaga upaya evakuasi pulih kondisi masyarakat taja adadikompas tcodclatr,
sekretariat kabinet setkab pasok alat berat asal instansi kait kerah pertamina tri kerja menteri hubung selasa desember tcopaofge,
moga etanol antri etanol mantaf pertamina bahlilhantuterorbbm tcorafccipcm,
pertamina pengin cuihin dendam,
dukung sektor didik pertamina gelar program tjsl magelang tcobruqmv,
baca tcodugvkiaua dapat berita ekonomi kini program investor daily beritasatu investordaily pertamina bencanabanjir sumaterautara aceh sumaterabarat saatnyaindonesiaberbenah,
pertamina ancangancang sambut libur nataru desember,
hst elonmusk bahlillahadalia prabowo tuju ee kanggo ngurangi impor t idrtahun data esdm usda konfirmasi reuters impor gasoline rang rugi korupsi pertamina blending ilegal t lapor jakartaglobe asianews lawas dudu saka etanol anyar,
bahlillahadalia mandatori pertamina laku spbu swasta merek asing pertamina saing sehat manja tcozmllwvhi,
gaya hidup digital mudah bareng mypertamina transaksi pertamax series pertamina metode pembayarna mypertamina gopay cashback gopay coins maksimal coins poin tinggaltukaraja nikmat hidup ribet tcohuptdvl,
ess terang pertamina bijak campur etanol alhamdulillah asa enak kayak nyata,
abang kakak warga medan khawatir buruburu antri pertamina layan jalan optimal spbu dorong operasi nyaman infosumut spbumedan stoppanicbuying spbujam tcoxvdqqbsz,
minggu pertamina dapat pertamax biru minggu dapat turbo minggu dapetnya pertamax green motor perut mules pertamina dar pakai turbo dear hormat dirut,
belanja pertamina ribu barel abang spbu gin stockmu lokasi muhammad citraland surabaya malas ngisi etanol bpplc tcoqzzeicmlm,
sukses bawa jakarta pertamina enduro juara proliga enduro outside hitter russia yana shcherban tahan gelar juara proliga proliga tconlrtjnuts,
senin desember anggota satpolairud polres situbondo laksana giat binmas air awak kapal tradisional crew kapal pertamina labuh kalbut situbondo tcosumjhvzb,
vluvvoc chat polarisstellar alam tembus bumn shopee paragon pertamina dll,
arsipaja jahat bahlillahadalia investor rusak citra pertamina kementerianesdm bikin malu bangsa bahlil putus urat malu pertamina pakai etanol pakai spbu swasta aniesbaswedan mohmahfudmd shell vivoindonesia,
johnsmithcuj soprettyuu redam sebab rusa tangki motor bensin pertamina campur etanol sebab korosi komponen kompatibel kontaminasi spbu awat filter sumbat busi kotor pertamina ban kontaminasi saran,
muncul keluh pertalite bikin motor mogok mbrebet publik ramai opini bentuk fakta info viral benar fakta panik pertamina pertalite etanol mesin berita viral tcoqncqirmnlk,
bawa l dexlite tembus jalur hancur misi masuk alat berat hidup jalan buka nyawa taruh mesin darah dapur ngebul gerak cepat pertamina tangan bencana lumpuh total tcodcsprofh,
pertamina kerah sulit medan bantu kirim udara camat rantau aceh tamiang tcoiiihnv,
megawati urus sawit sibuk jual indosat kapal tanker pertamina,
soyunsong jimans pertamina ngisi mana orang daerah pertamina pikir daerah lengkap kayak daerah,
rencana pertamina hadir bahan bakar minyak campur etanol persen sambut positif produsen sepeda motor indonesia salah satu motor indonesia baca lengkap tcofpchyqmw tcoiklrziwob,
pertamina kemarin pertamax oplos pertalite oplos etanol,
spbu pertamina spbu pertamina jenis beda dasar kode digit fasilitas layan toilet bersih mushola nyaman jagakitongpuenergi energizingthechange tcoeikfulxxdd,
dampak nyata rdmp balikpapan bukti data balikpapan catat tingkat signifikan pdrb balikpapan pasca operasi proyek upgrade kilang pertamina internasional walikota balikpapan apresiasi sebut rdmp game changer bangun daerah,
asem busuk campur etanol modar kendara diam demo etanol pertamina brebet,
tanyakanrl lanjut nder krjaannya okay turut pertamina orgnya pelitt sholat bawa sarung pakai celana wkwkwk dia malas galau tinggal yasudah,
pertamina patra niaga siap telepon khusus instansi lembaga butuh tangan bencana wilayah sumatera tcogpyrxmily,
viral eksperimen pertalite campur etanol pertamina tcongebgdfh,
ndonsback nakula florieliciouss kimberleyps irawanrommi propaganda pertamina luarbiasa dampak positif,
presiden prabowo kerah dirut pertamina instruksi pimpin upaya pulih cepat listrik butuh vital tangan darurat bencana sumatera tconxzibbqypq,
anggota unit binmas polsek babelan laksana patroli strong point cegah guantibmas curas curat curanmor tawur jahat lai jalan raya pertamina desa kedung jaya camat babelan kabupaten bekas kamis tcockskakyel,
pertamina bidik peluang etanol persen murah bensin tcoovzrprbh,
gampankmonther sharpandshark ron kemarin etanol swasta beli pertamina,
puskepi apresiasi pertamina sigap distribusi energi wilayah bencana sumatera tcouwjnjijsnf,
jimans lucu masuk spbu pertamina pertamax kadang pertamax mending pertalite niat pilih shell susah mini mobil jangkau wilayah,
perintah pertamina pasti papua hambat westpapua bangkitpapua bersatutanpaseparatisme tcodquaxxbhy,
gankofpetojo campaga beli vivo beda pakai vivo enak tahuntahun nganjangan beli pertamina tcoalxzrpcaw,
pertamina bilang pertamax etanol,
imkaguraaa bikin polarisstellar alam tembus bumn shopee paragon pertamina dll,
spbu siaga libur natal pertamina bangkabelitung tcoznemlv,
miris tinggal indonesia bencana aceh bantu harga pertamax shell bensin diilangin biar warga beli pertamina kerja gaji guru,
pagi damai ojek online abang jefri jarang nganggur rute kilang balikpapan rdmp balikpapan order kilang pertamina internasional benarbenar selamat umkm transportasi rakyat,
ribu full tank full tank ribu kagak pertamina bisabisanya isi pertalite ishhhhh kesel ubunubun context isiin bensi ganti,
xremiums motor brebet bakar busi level bakar busi bensin campur level bensin campur sifat etanol tarik udara level kelas pertamina paham,
bahlil balikin indomobil motor racun pertamina etanol,
pertamina pakai etanol impor produksi pertamax green bioetanol lokal nilai penuh standar kualitas produksi batas harga rantai pasok integrasi kondisi manfaat etanol negeri tcowddtofgx,
orang ngerusak pakai rugi konsumen presiden tolol sumber fajar tconpmpjfo,
pertamina operasi kapal transko sikat cepat distribusi logistik sumatera tcojlal,
konten pertamina bismillah shot lolos,
newsporium sabang stok banda aceh warga banda aceh daerahdaerah aceh tarik napas lega pertamina patra niaga konfirmasi pasok bahan bakar minyak wilayah aceh tcovahrynb,
perintah tingkat awas stok hadap lonjak konsumsi jelang natal menteri esdm sedia aman target tahan stok pertamina patra niaga tambah produksi tcokxhgyakp,
upaya perintah tekan emisi kendara angin segar rencana terap bahan bakar campur etanol biofuel baca lengkap tcouwerpvv turunkanemisisulfur bbmetanol pertamina tcohrlardyg,
piye kabare pertamina,
garda depan aman operasional kilang pertamina plaju tingkat skill bina karakter personel security tcooojlfbt rakyatpembaruancom,
bambangmulyonoo bahlul mesin motor pertalite campur etanol sesuai standard pertamina wkwkwk,
silalahiagum arsipaja guna etanol pertamina kurang impor minyak ganti bensin dampak signifikan butuh juta etanoltahun potong impor tara etanol produksi negeri tebusingkong kapasitas ribu rencana,
dimasuco franshawman addiyar jimans standar pabrik asih optimal isi rusak poin bersih lihat kandung sulfur pertamina pertamax turbo,
presidenkopi masinton sumber sakit negara cina rampok nikel morowali kuasa juta hectar akibat banjir rampok duit negara blbi asabri kondensat pertaminadll beli paksa tanah pribumi salah lawan hapus,
radioelshinta literasi etanol bagus dorong ramah lingkung etanol bagus mobil mobil dampak cari mobil etanol dampak mobil beli bensin pertamina,
bahlil pertamina tcoazoitww,
cakdpp pertamina campur etanol bahlillahadalia pertamina ptmpatraniaga hayo tanggung lengser kayak,
kompascom menteri bahlillahadalia ramai orang masalah bensin campur ethanol pertamina jual bensin etanol nama pertamax green maka kagak keluh geetuu tcobjwybldvan,
pertamina spbu sumut tcohkpzvwl,
sneoepy masyarakat sejahtera kilang pertamina,
satgas nataru pertamina resmi operasi pakar langkah nyata baik layan energi tcoweqbpzuzn,
agusyudhoyono koordinasi menko peran koordinasi menteri transmigrasi sosial hubung pertamina jalur distribusi dukung logistik listrik alat berat jalan efektif,
pertamina halo fauzan tentu tiap spbu beli pertalite roda wajib mesin,
toegiman pertamina mypertaminaid moso prabowo asih bahlil presiden tuju kandung etanol,
info baru pertamina hasil pulih spbu dampak banjir aceh sumut pertamina spbupertamina pombensinpertamina pertaminapeduli tcojdpwscqpyh,
bela kali pertamina antre aceh banjir antri bencana spbu aceh pertamina spbu operasi spbu tcomoadtluuy,
spradiiik pertamina patra niaga komitmen jaga sedia libur natal ama jalan jalan pertamina bangkabelitung tcoporwjos,
pertamina patra niaga sedia nomor khusus penuh sumatera tcojgilaxes,
salut juang pertamina tembus jalan longsor pasok bantu takengon aceh pertamina pertaminapeduli pertaminasiaga bantu tcozcwzrlsqo,
spradiiik pertamina patra niaga komitmen jaga sedia libur natal ama jalan jalan pertamina bangkabelitung tcobjaemtydcg,
halizahlatif pengaruh bangun kilang pertamina ekonomi masyarakat,
apresiasi khusus komitmen pertamina buka lapang kerja tenaga lokal jaga sinergi pemda fase operasional penuh tcounullmdts,
subholding upstream pertamina zona kerah helikopter salur bantu logistik darurat langsung udara airdrop titik aceh tamiang isolasi banjir bantu makan konsumsi bersih lengkap tcoptztgxz,
sekretariat kabinet setkab pasok alat berat asal instansi kait kerah pertamina tri kerja menteri hubung selasa desember setkab nyata akses tcobjsrmuxja,
feriakbar naik minyak dunia pertamina naikinnya minyak dunia turun mendelay turun harga tcoksztzybsz,
tanyarlfes bikin cover letter linkedin latih interview coba chat polarisstellar hasil tembus bumn shopee paragon kino pertamina unilever mandiri usaha gede,
aceh pertamina prabowo puspentni tniad bnpbindonesia humaspoldaaceh humasaceh dpraceh antre power pertaminapln kirim perintah kursi empuk kirim listrik stabil operator cadang genset layak lokasi bencana senjang retorika pulih realitas genset asap,
rzebels mentally loncat gedung pertamina tcooadrcqgh,
halliintar etanol pertamina mudah ngegaet,
vice president legal relation kilang pertamina balikpapan asep sulaeman harap proyek strategis nasional rdmp kapasitas kilang ribu ribu barel multiplier effect nyata tcojiljpirw,
nasib pegawai spbu shell kuota impor batas enggan beli pertamina etanol rela jual kopi tcoohgfpbtpa,
rdmp balikpapan bukti proyek nyentuh rakyat saharuddin supir angkot langgan kilang balikpapan operasi gerak kilang pertamina internasional ngangkat umkm hidupin ekonomi,
jendela warung kopi farel rombong kerja kilang pertamina internasional lintas tambah menu alat dapat tingkat tabung sekolah anak kumpul,
konsumenberdaya kementerianesdm pertamina kemenhub takar kesiap wujud bahan bakar bas etanol news tcoamkwppdajd,
arsipaja bohong pertamina kasih campur etanol shell,
tanyakanrl pertamina pertashop beda,
kangmanto supplier etanol pertamina,
bengkeldodo nakula florieliciouss kimberleyps irawanrommi propaganda pertamina manfaat,
akunaslisumpah exceldee dianbara etanol sifat higroskopis tarik kelembaban sebab korosi karat tangki bensin logam baja motor model rancang campur etanol pertalite resmi pertamina kandung etanol,
antri pertamina,
nazarrizky nenkmonica pertamina info dampak etanol kendara dukung sumber reuters studi otomotif mandat etanol indonesia timbang kurang emisi impor picu korosi mobil pre saran kompatibilitas,
kumpar campur etanol pertamina rugi,
pertamina bidik peluang etanol persen murah bensin tcoimcyuu,
pimpin dprd riau sorot langka subsidi nonsubsidi rohul pertamina tindak tcoveefkoneq,
pertamina gratis operasional masyarakat korban bencana sumatera,
kompascom maksa banget boooosssss saing sehatlaaaah benerin kwalitas pertamina bebas oplos etanol,
myasfika pengin sobat akhlak pertamina,
direktur utama pertamina simon aloysius mantiri pertamina dukung bijak perintah kait terap campur etanol persen bahan bakar minyak dukung arah perintah simon kompleks istana presiden tcouxigvij,
proyek jalan kilang pertamina internasional bangun kilang modern hidup ekonomi lokal sahrudin sopir angkot balikpapan pasu tambah sewa rutin kerja proyek bukti dampak positif rasa warga,
spbu operasi kota medan sekitarnyasebanyak spbu minggu november operasi penuh fokus titiktitik krusial pertamina jalan langkah mitigasi lancar tcojuox,
daging tebal pertamina bijaks news december host miss fuji bijaksnews indonesia pertamina bumn laksamanasukardi rizachalid mafiamigas fungsiotak alzheimer zulkiflihasan bantuanpangan sumatera bencana banjir longsor amerikaserikat donaldtrump tcoyxlfnlm,
aktif satgas nataru pertamina jamin stok energi natal aman tcobzpawwrnk,
naik pdrb investasi catat balikpapan kuat apresiasi wali kota rdmp balikpapan kilang balikpapan kilang pertamina internasional gerak ekonomi kota rantai pasok produktif,
diorkaditoy sumadiseloguno mardigu dasar info kini sepakat spesifik shell pertamina batal kait impor etanol shell diskusi tuntut utama base fuel etanol sertifikat spesifikasi mutu,
proyek raksasa lapor balikpapan cerita beda kilang pertamina internasional bikin dapur warung ngebul langgan roda hidup muter,
arsipaja kusut ribet marketoriented lihat spbu asing paksa beli pertamina beli bulk harga kompetitif harga saing masyarakat kualitas prima,
maganh pertamina belajae model kemarin,
ramai aktivitas kilang pertamina internasional peluang ekonomi tumbuh pesat usaha bangkit bukti hadir rdmp balikpapan benarbenar sentuh masyarakat,
abdshomad redam tangki karat airkotoran bensin etanol nyerap lembab kayak lapor pertamina cegah tangki penuh biar kondensasi pakai aditif antikarat kayak line cekbersihkan rutin ganti shell vpower vivo revvo,
puzzwles mbok sekalikali berita untung surplus pertamina untung dunia berita rugi untung,
koordinasi kapolrestabes medan pertamina patra niaga lancar distribusi kota medan polrestabes medan pertamina sinergi jaga stabilitas layan energi masyarakat tcocjomecl,
txtdrimedia pertamina kejar untung rugi masyarakat kendara rusak etanol anggota wakil rakyat wakil oligarki bangsat,
tanyakanrl pertamina spbu gaji segitu kelas ketring kayak,
kenhans pertamina mypertaminaid swasta dipekso tutup rakyate neng giring tuku neng pertamina rakyate manut kadung tuku oplos etanol seng mbarekno kendaraane brebet alhasil macet service mosok rakyat atene neng bahliljancok,
direktur utama pertamina persero simon aloysius mantiri pertamina dukung bijak perintah kait terap campur etanol persen bahan bakar minyak tcoiiropfqxxl,
rezeki kadang jalan sangka kayak saharuddin sopir angkot hidup bangkit rdmp balikpapan jalan kilang balikpapan bikin sektor umkm hidup kerja nyata kilang pertamina internasional,
arsipaja bahan bakar jual pertamina lulus emisi euro pakai etanol pabrikan bahan bakar bensin diesel negeri kendara tenggak bahan bakar kadar,
manasati jimans pertamina coba pertamina pertamax susah available pertalite,
masyarakat bangka belitung khawatir pertamina patra niaga pasti stok nataru aman butuh masyarakat pertamina bangkabelitung tcohfutacwjs,
agusyudhoyono sinergi lintas sektor optimal pimpin menko sukses koordinasi kemenhub pertamina pulih infrastruktur vital,
meter pertamina temu migas indramayu tcoxqrrxaz,
zeronol nephilaxmus bensin pertamina etanol cuman herring lempar buzzer problem bensin pertamina banyak sulfur opposed standar bikin mobil rusak hormat pesan spbu swasta mau basefuel,
pertamina dukung bijak perintah wajib kandung etanol persen transisi energi bersih tcohpyeokqf,
puzzwles pertamina ecer untung laku liter liter bumn pertamina rugi mulu tolol maling,
hirukpikuk proyek refinery development master plan rdmp balikpapan hidup seharihari warga kilang alami ubah signifikan putar uang kilang pertamina international balikpapan tcoqlnvreyt,
darkmassacres paham khawatir bensin ethanol pertamina duga campur tanah daerah etanol mudah serap buruk kelembaban distribusi simpan pertamina kualitas,
warga dampak bencana sumatera keluh langka pertamina klaim stok spbu lancar tcoqhqwrwpezk,
andraekaaa indonesia hadap tantang kompleks banjirlongsor sumatra tewas orang erupsi marapi rusa korupsi pertamina rugi triliun rupiah timpang ekonomi beban hidup akibat inflasi tunjuk,
proyek refinery development master plan rdmp kilang pertamina internasional jalan kilang pertamina balikpapan dampak positif aktivitas proyek rdmp gerak ekonomi kota buka peluang masyarakat tcokbuvvcx,
halo sobat alhamdulillah ayasofya center indonesia bekerjasama pertamina salur bantu meals gempa bumi chalas konar afghanistan mari simak proses distribusi tcogvdstvaha,
bilang investasi rakyat kilang pertamina internasional kantong supir dagang usaha kilang,
liessaragih kaniamaisya kisah bukti kilang pertamina internasional bukti komitmen kilang olah gerak ekonomi warga masyarakat tuju,
pdrb balikpapan lapang rasa warung rame peluang kerja buka rdmp balikpapan bikin ritme kota ubah salut kilang balikpapan kilang pertamina internasional ngejaga alur wali kota kasih apresiasi tcobhmwowke,
arsipaja pihak koruptor kayak percaya perranyaan etanol pihak mesin rakyat etanol persen murni dasar untung pertamina dasa etanol persen amina rugi,
titik orang tua buka mosok kalah mbek pertamina kode cari loker akwoakoka,
spbu swasta batal beli pertamina alas perintah wajib campur etanol tcokzyayyghj,
toegiman aneh pertamina bilang bahanya campur etanol,
isi orang kerja lotte chemical chandra asri krakatau posco pertamina dongjin,
menteri esdm bahlil lahadalia bilang perintah terapin bensin campur etanol kirim brasil ajar kembang bioetanol pdiperjuangan anggotafraksipdiperjuangan etanol pertamina tcobbwrwxpu,
jelas sungguh nalar pertamina sukowati field aset diam bisu peduli milik warga abai ingkar janji aneh malu,
arsipaja bukti pihak rakyat wajib jual agen ecer swasta base fuel campur etanol swasta memphk karyawan pertamina jago monopoli rugi izin tambang jalan,
kompascom pertamina kerja pertamini,
wrahardian arypraske faizalassegaf jonan sama ahok jonan kerja prestasi bicara hasil nyata ahok coba sebut prestasi besar bicara motor larang masuk sudirman warga akuarium gusur pertamina adem ahok overrated,
doneh minggu kemarin baca berita etanol kandung boros etanol shell persentase etanol pertamax diakalin pertamina bangsat mentang kompetitor,
riset etanol aman mesin simpan distribusi spbu swasta nolak beli base fuel pertamina kandung etanol alas takut mesin rusak takut margin turun tcomjahbtarj,
giiselje turut jegal pakai undangundang hasil dibuatbuat pertamina etanol nomor,
tanyakanrl pertamina tahan ijazah tau semua pertamina rumah,
bahlil pertamina campur etanol ngurangin emisi,
pertamina tingkat layan spbu program retail pakai over pertamina etanol energibersih transisienergi energiuntuknegeri inovasienergi indonesiamaju greenenergy emisirendah ekonomi tcojhghncqkzt,
virgo jaman entar sangka pertamina tinggal ngebeli biar singapura tinggal nambahin etanol doang irit modal,
pertamina pasti kesiap nataru satgas energi tcovxfhahuim tcogfotw,
pertamina patra niaga akselerasi layan spbu edukasi bioetanol publik tcopdzbnxyakc bioetanol campur etanol perbaikanlayanan programpemerintah bitvonline,
dirut pertamina patra niaga tinjau posko bencana sumut pasti energi bantu manusia salur tconuqbztfc,
warung makan ramai tunggu antri kursi kedai kopi tumbuh sudut kota rdmp balikpapan atur ritme kota balikpapan abadi grafik kilang pertamina internasionalkpi jaga,
rdmp balikpapan dapat saharuddin stabil sewa angkot kerja gerak umkm kilang balikpapan berkat dukung kilang pertamina internasional,
oceanita parah banjir bandang orang tua tidur didlm mesjid pertamina ngungsi tidur atap lebaran maren medan orang tua alhamdulillah jemput minggu,
pertamina tuju campur etanol persen tcohkhforage,
arsipaja tuju opsi pertamina bensin campur etanol sadar khalayak publik mana transum sepeda lari bikin sehat irit,
innovacommunity etanol campur pertamina,
agusyudhoyono agusyudhoyono apbn baik infra sana apbn aju regional pertamina laksana outsourch minyak madurabilang keponakan bambang sugiharto mantan pasar regional usul,
indopopbase save your time scrolling cast disas problematik menantu ibnu sutowo kroni harto korupsi pertamina gede banget hukum wonder leilaschudori agree this tcodhihhe,
halo pertamina kementerianesdm berita motor pertalite langsung ngadat tanggung pertamina spbu esdm milik motor sebar akibat campur etanol jernih monitor kejaksaanri divhumaspolri tcowsvreaydz,
grok superhero cipanas cianjur jaga lingkung hutan alam pertamina rusak bumi hancur libas benam tanah biar satu biar minyak ledak hancur gempa bumi canda serius care,
indonesia kilang minyak indonesia depo standar ganda singepore berkuasamaka indonesia impor singepore sumber cnbc indonesia tcoeacjaeyklw,
thethanos rampok triliun rampok pertamina,
kangmanto pertamina bakar etanol impor wakakak,
waspada konten sesat pertalite campur etanol ccicpolri divhumaspolri pertamina tcogploxcbnv tcouoskmdkx,
arypraske newiding humorjontampan hopeemak gmwarrios firzahusain dkutacimi dcristnugroho cintada billray antoniuscdn besok bahlul bilang campur etanol pertamina tau guna campur etanol,
tirtoid mending bawa truk tangki pertamina titik dapur gratis korban bencana asli orang manfaat,
cahboocah pertamina cahboocah mohon maaf kendala perihal admin tindak lanjut jaga rahasia data kakak info alamat admin tunggu kaktksosi,
pertamina bukti hasil biodiesel sawit bioetanol mesti khawatir spbu swasta kandung etanol riset mitos etanol aman efisien bukti negara tcoylyfuogwnb,
worksfess semangat nderr rezeki mana kokk linkedin surat lamar latih interview langsung klien lolos paragon mandiri shopee pertamina unilever bumn testimoni pinned,
pertamina patra niaga pasti pasok energi sumatera aman tcospikhzuf,
etanol bikin kayak oligarki buka lahan hutan juta hektar biasa perintah tolol cari gampang kilang minyak beres rantai pasok tolol pertamina kemarin tuntas ujug ujug etanol blok,
ngadinopanser riverheaven etanol murni teknis relatif mahal proses suling bioetanol bahan bakar massal limbah tebu molases lokal harga kompetitif subsidi perintah campur ee pertamina tuju kurang,
sheilatp bikin polarisstellar alam tembus bumn shopee paragon pertamina dll,
pertamina gandeng usaha brasil garap campur etanol tcotjfzdyuca,
bjir sepupu kerja pertamina wajar bapak pensiun dosen relasi,
bngsdull somexthread lapor ratus motor mogokbrebet jatim bojonegoro tuban lamongan pertalite duga campur etanol pertamina bantah etanol pertalite pakar bilang sebab,
selebtwitmobil myungjaeieo starlink elonmusk pln pertamina telkomsel telkomindonesia bantu langsung pungli wkwk,
mantap pertamina buka layan telepon tangan banjir aceh sumut pertamina layan distribusibbm bensin tcotducgziqjm,
bawa l dexlite tembus jalur hancur misi masuk alat berat hidup jalan buka nyawa taruh mesin darah dapur ngebul gerak cepat pertamina tangan bencana lumpuh total tcokedosxm,
postraumatized araafiaprilia kendara indonesia campur etanol bahan bakar produksi pertamina pertalite kendara alami isi pertamax,
tjahajababimu redam pertamina etanol sifat higroskopis serap udara sebab korosi tangki bahan bakar pompa kendara lindung khusus karat sumbat filter ganggu alir bensin,
mafia pertamina fan club lawan back kuasa mash cokol prabowo prabowo sih indonesia sekongkol jahat nkri omon omon publik ritp realitanya zonk tcocyidmgyu,
selebtwitmobil yuunaee starlink elonmusk pertamina telkomsel telkomindonesia yuunaee perihal listrik admin bantu jaga rahasia data info detail masalah admin tunggu konfirmasi ainun,
etanoloh etanol ajar pintar bodoh viral sesat orang grup bela kalah pilpres perintah pertamina inovasi energi bersih korban penting rakyat program campur tcoznmxtwjuyk,
pertamina patra niaga regional sumbagut salur bantu daerah isolir sibolga pulau nias tcodnzwryifrw,
direktoridosen kemdiktisaintek statement keluar wakil ketua badan cepat entas miskin wakil kepala komisaris independen pertamina,
pertamina kerah helikopter logistik aceh news mostupdate pertamina bantuanlogistik aceh tcobebnptafm,
menteri energi sumber daya mineral esdm bahlil lahadalia menep anggap etanol bagus bahan bakar minyak anggap muncul spbu swasta batal beli base fuel pertamina bilang etanol bagus tcophsqnk,
direktur jenggala maritim nusantara aryo wicaksono usaha kantong izin usaha migas tetap menang tender sewa kapal pertamina tcozsevqncf,
sekaridoy alfa pertamina kayak pertamina kemarin ya,
wali kota apresiasi rdmp balikpapan buka peluang kerja balikpapan benar lonjak ekonomi kilang balikpapan kilang pertamina internasional motor utama,
bahlil hujat minum wine harga juta botol rusak alam raja ampat tambang campur dngn etanol harus ecer beli pertamina langsung sama dngn mulia rasulullah hujat bawa ajar islam matane picek silite dobol,
hakimsrg rekan indonesia industri kimia kaya misah etanol bensin dasar pertamina penuh syarat shell vivo kaya,
kilang pertamina bukti komitmen gold rank asrrat tcobkyshnbn,
revenantza selebtwitmobil shusidalthought starlink elonmusk pertamina telkomsel telkomindonesia revenantza kakak mohon maaf ketidaknyamanannya mohon informasi kendala listrik mimi bantu mohon informasi admin tunggu konfirmasi tkspopy,
ptpn luas langkah strategis energi baru pabrik biodiesel bioetanol dukung program perintah tcolmkicancdc,
atur perintah wajib kandung etanol sematamata positif kayak ngurangin polusi gantung minyak bumi matiin saing instan kualitas pertamina,
pertamina pertalite kandung etanol simak jelas lengkap alas ilmiah edar tcojdvfldfizy,
spbu swasta bpakr vivo tolak beli base fuel pertamina temu kandung etanol persen pertamina sebut kadar batas aman persen swasta nilai aspek teknis dokumen penuh tcotpzdvljm,
pertamina bantu listrik harga mahal bumn,
perintah kerah truk alat berat aceh tamiang akses darat buka dorong alat berat pertamina menteri kerja menteri hubung jalan medan aceh tamiang akses jalur darat tcorhfysbbf,
steffanysyn bangsaygsujud propaganda areinismyname arummelasari kiwalipitu ndonsback sbaigin florieliciouss xquitavee tonybulumanu fdonghun turut tuju nyerng pertamina keblabasan spbu swasta tolak guna etanol bobibos etanol jebol mesin sependpt uji coba campur fosil tcollbrxakf,
batas kuota impor pintu pertamina paksa konsumen mobil pindah mobil mati shell bpindonesia vivoenergy naikin etanol konsumen panik importir mobil prabowo gibrantweet,
noareyii seru pertamina wkwk,
personel samapta polres bontang laksana aman usaha pertamina giat wujud hadir polri aman jaga situasi kamtibmas kondusif polribersamamasyarakat samaptapolresbontang polresbontang tcozaxydnxw,
arypraske newiding humorjontampan hopeemak gmwarrios firzahusain dkutacimi dcristnugroho cintada billray antoniuscdn besok nyata pertamina etanol moda transportasi delman,
pertamina mati harga pertamina naik thank prabowo,
jimans oktan kotor ngerak mampet rusak busuk bensin pertamina,
akun instagram sekretariat kabinet unggah video tangki alat berat jalan medan aceh tamiang kirim pasok alat berat pertamina menteri kerja menteri hubung tcoksmrv,
zy xendlesss pertamina,
peduli galang solidaritas korban erupsi meru banjir sumatera tcolgqmip,
tamiyacars langsung chat polarisstellar buatreview cover letter linkedin konsultasi karir latih interview alam tembus bumn mandiri paragon shopee pertamina unilever,
tunggang boros banget asa etanol pertamina,
komisaris independen pertamina naniek deyang orang madiun,
kakak kakak potensi akademik pertamina hulu rok share kisi kisi trimakasii sblmnyaa work pliiss doain rezeki sender nganggur otww gila rumah,
pertamina hadir kualitas layan optimal pertamina etanol energibersih transisienergi energiuntuknegeri inovasienergi indonesiamaju greenenergy emisirendah ekonomi tcokjjastgtf,
nntweetnn kangmanto bukti sorot kualitas pertamina sesuai spek kandung etanol spbu swasta shell vivo tolak menteri esdm negosiasi ulang pasok etanol oktober,
naufalsyauqiht jimans pikir indonesia tinggal jakarta daerah pertamina,
arsipaja diomongin gtuuuuu melulu reza khalid tangkap omon omon badara morowali tutup omon omon mega korupsi pertamina nangkep biang kerok omon omon dasar presiden omon omon,
kisruh ethanol shell indonesia pertamina pesan sembunyi pertalite hilang ganti pertamax green biofuel bkpm toyota minat bangun pabrik etanol dukung mandatory tcosujbzxtpt,
breach contract etanol rusak mesin because this been part fuel supply chain years years come aneh pertamina orang order kasi additive tbtb naro etanol,
dirut pertamina patra niaga tinjau kerja keluarga korban banjir tcojnekmhnyhg,
secretnesia pertamina pagar laut morowali wosh narasi prabowo tebak ujung alias nguap bersntuhan oligarki genk solo mleheoy cecunguk tumbalin,
rajapeanutbuter pertamina oplos etanol makmur tani singkong jagung biar udara bersih,
artikel bilang alas usaha swasta nolak etanol pertamina rusak rancang blending milik swasta mau kasih etanol biar campur etanol terima,
tcowwopkuel medan lembaga advokasi lindung konsumen lapk pertamina stok aman distribusi jalan lancar banjir susul kota medan bencana alas kembali antre spbu tcofcddvetf,
dayangindah pertalite campur hidrokarbon etanol choh campur biofuel oktan kurang emisi etanol higroskopis tarik picu korosi tumpuk resmi pertamina bilang pertalite campur etanol sumber pertamina versi,
ocabiw chat polarisstellar alam tembus bumn shopee paragon pertamina dll,
sbyfess pertamina campur etanol mbrebet harap campur etanole,
ess bahlil nyuruh pertamina ubah spesifikasi langsung turut suruh koordinasi menteri industri biar spesifikasi industri otomotif sesuai etanol sifat korosif spek motor sesuai rusak,
najis pertamina najis goblok qrisnya bilang eror mulu antri,
pertamax green rata spbu jawa nemu kota semarang itu spbu coco pertamina ptmpatraniaga pertamina,
jempol gercepnya pertamina supir nyali level dewa nekat terobos rintang bahan bakar sedia tcoaecrupcyl,
beli bahan bakar subsidi code subsidi hubung akses code subsidi aplikasi mypertamina mudah proses transaksi kendala langsung hubung pertamina mypertamina tcoxogmohume,
xborxbor xendlesss maaf update jalur sedia pertamax turbo jalur khusus bayar pakai pertamina beli pertalite,
dayangindah ganti topik nyata resmi pertamina oktober pertalite campur etanol produksi distribusi etanol campur tingkat oktan kurang emisi dukung biofuel hasil langsung,
hakimsrg pertamina campur etanol mau base fuel jaga kualitas bensin biar classy beli pertamax kesan mewah bjir bantu negara stab from behind rakyatny bantu,
bencana barcode pertamina hambok tiada kali antri kilometer tunggu jam gilir ribu barcode nonsubsidinya kosong alam kemarin,
bahlil sengaja utus hancur pertamina korupsi harga kilang minyak bakar campur etanol tuju hancur ekonomi rakyat perintah indonesia,
enasdhuhri obiwancatnobi analisis campur pertalite sebab etanol kandung higroskopis serap kelembaban tropis indonesia potensi picu pisah fase tangki buka simpan pertamina,
lahriansyahilla kandung etanol pertamina aman mutu spesifikasi teknis beda operator,
obrol mas ahass keluh kadang mati bahan bakar campur kayak etanol bikin dalem mesin cepat kerak hati pertamina anjing,
pertamina sesuai harga desember tcozzrzsrmji,
aceh pertamina bnpbindonesia puspentni pertamina esdm rusuh picu energi jokowiluhutbajingan jokowiluhutbajingan,
dhinda ngeri korupsi jaman jokowikerugian negara century korupsi pertamina jokowi korupsi timah t korupsi jiwa sraya mega korupsi terungkaphayo ngeri termul,
markas unit patroli muara pegah ditpolairud polda kaltim hadir giat latih madam bakar masyarakat selenggara pertamina hulu mahakam balai temu kampung muara pegah rabu tcoswobmzothu,
arsipaja pihak elpiji beli agen viral tambang nikel raja viral henti buka spbu swasta tolak pertamina viral etanol wajib bukti bahlil pihak rakyat,
antri bencana spbu aceh pertamina spbu operasi spbu operator lelah tumbang akibat antre butuh kerja tambah buka tcobpedticxd,
pegawai spbu pertamina seragam celana pakai merah pakai celana jeans navi,
magang pertamina pekanbaru ketemu bahlil,
pertamina coba spbu tenaga surya campur etanol tcookgbkvh,
rdmp balikpapan bawa napas kota data balikpapan tumbuh nyata kilang pertamina internasional kilang balikpapan awal manfaat pelosok,
ana kerja hebat kilang pertamina internasional,
hahahha anjir rumah pertamina,
puzzwles rugi pertamina rugi bpjs rugi rugi rugi potong gila gilang gaji potong sisa,
antoniuscdn prabowo cakkhum paltihutabarat paltiwest arypraske anakogi pakarintelek loecoe ramai masalah bensin campur ethanol pertamina jual bensin etanol nama pertamax green maka kagak keluh geetuu tcoeikwbex,
kolaborasi entitas hulu pertamina kuat ekosistem umkm latih academy tconcvtx,
jumarhadinata sharpandshark video java lapor harga spbu pertamina pertamax turbo rpliter dexlite rpliter duga campur formula bobios bahan bakar jonggol bogor inti singar staf tuang cair aditif etanol wadah,
donniealegra xendlesss ooohh update pertamina jalur khusus pertama turbo terima kasih info ya,
pertamina ngangkut etanol jenis,
susnog kemenperinri tan kementerianesdm pertamina bobibosbbn danantarari detikcom kompastv tempodotco nabati etanol murni nabati murni masuk kategori butanol pentanol produksi butanol pentanol langka mahal,
kilang pertamina internasional rdmp balikpapan dampak positif masyarakat balikpapanproyek tingkat dapat warga buka peluang usaha,
dwioktariyadi loecoe ramai masalah bensin campur ethanol pertamina jual bensin etanol nama pertamax green maka kagak keluh geetuu tcoucuyfttxn,
direktur utama pertamina patra niaga mars legowo putra turun langsung tinjau lokasi banjir medan selamat kerja butuh dasar ungsi penuh,
bubbyeing naufalsyauqiht jimans daerah jawa pertamina,
najis pertamina isi usaha segitu bobrok gera ubah speak benar setan ketilep duit,
nikooab ngelarisi pertamina rasah akeh,
arwidodo pertamina suruh bahlil coba minum etanol,
rdmp balikpapan hadir berkah saharuddin pasu angkotnya umkm kilang balikpapan gerak maju berkat peran kilang pertamina internasional,
ilhampurnama calomagang pertamina pilih aman merek lokal kualitas standar tahan iklim tropis fastron seriesnya populer mobil anehaneh reliable coba sintetik,
murtadhaone prabowo dengar antri kendara isi sumatera setkabgoid pertamina kementerianesdm,
heyho masihmagangnih arsipaja campur etanol base fuel impor pertamina tingkat murah etanol energi rendah mjkg mjkg bensin potensi bikin mesin boros bahan bakar bijak kritik harga beli etanol,
cerita sadikin hotel sultan milik pertamina tcojbjzcxrp tconfevvtdhgq,
superman zaraiiys grok etanol anak bahlil zara gerai pertamina,
vikry antoniuscdn prabowo cakkhum paltihutabarat paltiwest arypraske anakogi pakarintelek kendara campur etanol rendah base fuel pertamina aman sebab korosi ringan komponen karet logam kompatibel manual kendara aditif antikorosi konsultasi mekanik,
pertalite pertamina kandung etanol tcormcdahm,
bahlillahadalia pertamina tolong campur ethanol motor brebet anjir garagara campur bensin ethanol kocak,
kompascom bijak paksa oplos etanol alas produksi etanol disuplay penuh produksi negeri kesiap produksi negeri konyol swasta wajib beli etanol sedia pertamina,
pertamina gerak truk logistik truk masuk wilayah aceh tamiang jalan digenangin pokok rabas bantu lokasi pusat banjir fokus utama bantu logistik evakuasi warga cepat tcoejpwximwy,
pertamina kerah awak mobil tank lintas pulau daerah bencana tcokzdjutd,
jimans simpel selagi produk pertamina ngisi pertamax kali masuk bengkel brebet bajing pertamina,
orasiid pertamina dorong tahan pangan program desa energi berdikari lihat lengkap tcomryorpuqt,
alas kemarin marah paksa pertamina shells habis bahlil sial sumpahin ketiban etanol,
logo pertamina isu bensin habis tcoirptnjahka,
pertamina energy terminal mantap kesiapsiagaan aman instalasi strategis tanjung sekong tcoxjnwhkvl,
nyoh rungokno pertamina mbok campur etanol made neng bekonang akeh sing gawe tcoevpknbgif,
rahadi etanol pertamina cap bumn pengoplospertamina forhumbumn bpsdmesdm,
dayangindah paham analogi sisa sulit deteksi dasar nyata resmi pertamina oktober pertalite campur etanol produksi distribusi jejak minimal kontaminasi signifikan picu,
aceh pertamina prabowo puspentni tniad bnpbindonesia humaspoldaaceh humasaceh dpraceh beli bawa musibah banjir daerah bencana spbu aktif,
mantap aktivitas rdmp balikpapan kilang balikpapan kilang pertamina internasional balikpapan dampak beranta gerak rantai pasok lokal kuat ekonomi kota produk domestik regional bruto pdrb kapita capai juta,
soyunsong jimans pertamina mana abang,
ragilsemar pertamina kalah langkah harga spbu swasta laku monopoly tahu belang pakai etanol monopoly bijak etanol spbu kocak kompetisi,
heboh etanol pertamina kosong shell vivo tcojfwywflgi,
sinergi pemkot pertamina kilang balikpapan buka ribu peluang kerja wali kota rahmad rdmp tahan energi nasional wajah modern balikpapan,
malam balikpapan goreng rini laku keras berkat proyek rdmp balikpapan dompet kerja kilang pertamina internasional tebal umkm kuliner malam hidup berkat kilang balikpapan,
proliga officially ketemu lapang energi semangat kemarin siapin suara dukung jakarta pertamina enduro biar final tanggal april tcohfbslydje,
respons pertamina rencana perintah campur etanol persen jenis bensin dorong transisi energi kurang emisi tcovugakghqd,
dampak bijak menteri bahlil bahan bakar campur etanol masyarakat alami rugi bumn pertamina maaf masyarakat salah bijak menteri bahlil pertamina,
hrnghs cumisaosmentega jimans jatuh salah pertamina suka ngoplos opsi,
dutgendutt info korban selamat ungsi kampung pertamina,
susipudjiastuti wajib campur wajib tambah etanol ngeri sedap beli spbu pertamina,
kerjadarirumahq kompascom bahlil respons spbu swasta ogah beli pertamina campur etanol kuota impor habis agustus perintah arah beli pertamina stok aman swasta khawatir etanol tekan paksa,
hambat distribusi pasok spbu daerah bencana kosong ekonomi adadikompas tcojvsnpoirz,
pertamina patra niaga produk jenis petralite edar spbu produksi etanol tcowjbfvqnet,
biar mobil rusak beli biar bengkel banjir order tcoezbczy,
apresiasi wali kota balikpapan kuat kerja kilang balikpapan kilang pertamina internasional teknologi buka pintu rezeki keluarga rdmp hadir ekonomi kota diri tegak,
spradiiik pertamina patra niaga komitmen jaga sedia libur natal ama jalan jalan pertamina bangkabelitung tcowwqyqgo,
ferryone luckyalpha akalakalan khawatir teknis valid kualitas etanol kompatibilitas bahan bakar pertamina negara implementasi butuh standar hindar korosi mesin performa sepenuh penuh,
ikgf rencana oplos etanol turut asli bhkan korupsi pertamina,
pertamina patra niaga tinjau kerja keluarga dampak banjir tcounrmdevwk,
upaya perintah tekan emisi kendara angin segar rencana terap bahan bakar campur etanol biofuel baca lengkap tcoatwaezls turunkanemisisulfur bbmetanol pertamina tcowiqhkivjll,
jondhez enak kantor pertamina korup kasih etanol rugi provider banyak,
spbu siaga libur natal pertamina bangkabelitung tcokiuzgodss,
earthilys tvindonesiawkwk berita gambar palsu meme edit asli perintah wajib campur etanol pertamina kurang impor bensin ramah lingkung tuju presiden prabowo menteri esdm bahlil lahadalia sumber cnbc,
duga bijak menteri bahlil lahadalia impor pintu pertamina shell batal pakai pasok pertamina beda spesifikasi bahan bakar kandung etanol portaltuban beritatuban infotuban,
susnog danantarari riekediahp pertamina kementerianesdm tribunnews mohmahfudmd kompastv metrotv kpkri ubah sampah etanol tpa daur ulang,
alcpnee jimans akbalal this tulis spbu pertamina pengin antri pertamax rame pertamax oplos langsung ganti tutup foto,
jelang libur pertamina pasti elpiji aman bal beritanasional liburnataru pertamina beritaterkini tcodoajtpg,
pakar satgas nataru pertamina langkah nyata baik layan energi tcopsiukgid,
perintah pertamina pasti papua hambat nataru nataru tcoargoukrdn,
pertamina monopoli,
bloombergtz atur pertamina taat atur sepakat base fuel murni etanol,
grok etanol negara spbu swasta tolak beli pertamina etanol,
wali kota asih apresiasi rdmp balikpapan buka lapang kerja bikin ekonomi kota hidup catat balikpapan jalan bukti peran kilang pertamina internasional ubah,
bhres araghutama otokyo jenis bensin indonesia pertamax green pertamina kandung etanol aditif tingkat oktan kurang emisi barubaru campur etanol base fuel picu kontroversi spbu swasta,
pertamina campur etanol bahan bakar pertalite jual spbu corporate secretary pertamina patra niaga roberth pertalite bensin hasil campur komponen hidrokarbon kilang bioetanol tcoktncqcjut,
aefaerily aforastor yunesafess pokok bensin pertamina,
hadir kilang pertamina balikpapan laksana proyek refinery development master plan rdmp balikpapan bawa dampak positif gera ekonomi keren peluang ekonomi masyarakat balikpapan tcoftvxobjm,
perempuanwaos biar orbanya ciprat pertamina,
spbu siaga libur natal pertamina bangkabelitung tcoccfzfiygl,
alone adamvelcro informasi video dilebihlebihkan kandung etanol pertamina pakar kurang performa boros tingkat oktan kurang emisi mesin,
infojktcom langkah pertamina etanol bijak strategis,
pertamina bjirrr rusak entuh mesin bensin pertamina,
pertamina dukung campur etanol persen tcodapbpwst,
ngisi pertamina tanda motor hal kawin anak lahir diindo anak langsung jatah hutang negara bahlillahadalia sahabaticw antikorupsi occrp corruptionsa acfint nazahaen prabowo dprri kementerianesdm,
solusi untu atas kondisi anggota dprk banda aceh teuku arief khalifah pertamina aceh sebar stok stasiun stasiun pertashop pertamini ecer teridenfikasi gampong tcoyhibpjmfn,
proyek refinery development master plan rdmp balikpapan jalan kilang pertamina balikpapan anak usaha kilang pertamina internasional mesin gerak ekonomi lokal tingkat ekonomi lokal tcomnswkux,
rynnnaphrodite arsipaja pertamina jual pertamina base fuel,
lowong kerja rumah sakit pertamina cilacap okupasi terapi didik minimal lengkap tcoevdhfxqsi,
grok antoniuscdn prabowo cakkhum paltihutabarat paltiwest arypraske anakogi pakarintelek pertamina aditif dynaflex mesin bersih performa optimal pertamina kejar untung etanol murah akibat energi mesin rendah turun efisiensi risiko korosi mesin serap boros mudah bakar mobil,
balikpapan catat rdmp balikpapan dorong pdrb kapita investasi tumbuh wali kota rahmad apresiasi kontribusi kilang pertamina buka lapang kerja tcomlazgirud,
stop katain bahlil pahala kurang kasih baca tanggap toyota tcopvcqpwidx tcoacvxjachu,
ritme kota ubah proyek hadir kilang pertamina internasional alir dampak parkir angkot meja dagang sarap serbu langgan subuh,
achyarkie sharpandshark usaha swasta shell tolak kandung etanol base fuel pertamina sesuai spesifikasi teknis alas utama risiko korosi mesin turun performa ketidakcocokan standar internasional negara,
jerypringgo senofabregas redam tangki karat bijak etanol pertamina ganti filter kotorkeruh ngebuat tangki mudah karat banding swasta kualitas,
pribadi test jenis pertamina pertamax turbo doang itu arti campur minim etanol benernya pertamax turbo test selang minggu ronoktan angka sesuai klaim,
pertamina demo masyarakat kantor ente bakar korban bensin oplos etanol,
pertamina kerah helikopter kirim bantu airdrop aceh tamiang jalur darat putus logistik dukung darurat kuat warga dampak tcorhzgwxjcl,
cinta lihat truk pertamina shit tcogdhfcwxuot,
darurat prabowo turun tangan pertamina aku distribusi kacau garagara jalan putus sumatera tcoebtjjowiq,
logika campur etanol turun harga tambah pundipundi cuan pertamina kuasa rakyat korban main mafia,
bohong main oplos rendah akibat oplos rusak nama pertamina tambah persen etanol juan oplos dtambah etanol vivo etanol persen langsung tolak pertamina,
cutenarakk soyunsong jimans alah kontol jateng kena monopoli pertamina,
agusyudhoyono muzzammilyusuf pksejahtera pdemokrat sinergi perintah integrasi peran menko koordinasi menteri hubung pertamina pulih infrastruktur vital jalan listrik jalan simultan tanggap darurat,
detikfinance bikin campur etanol pertamina gandeng usaha brazil pertamina bisa,
tempodotco duh tinggal kabupaten opsi pikir pertamina monopoly dagang anjir,
jzna adrianussatrio dasar info baru oktober pertamina bpakr sepakat pasok base fuel sesuai spesifikasi kandung etanol biar ngerusak resep nyata eksplisit oplos pasok normal,
uriyunoyomi pertamina jodoh kerja pertamina,
opposisi bahlillahadalia bahlul obsi bensin campur etanol resiko kendara mogok mogok impor import bajing bahlil pertamina cuan komisi import suruh bangun kilang anjng,
ketua forum konsumen daya indonesia fkbi tulus abadi nilai pertamina perintah daerah tertib oknum ganggu lancar distribusi pascabanjir landa wilayah pulau sumateratcovwtrgitasz,
wandystjk wandystjk pertamina campur etanol campur entar campur tahi bahlil,
bengong dikit tanggal magang pertamina ngantuk tidur ajar,
sangka proyek raksasa kayak rdmp bantu sopir angkot kontrak juta rezeki alir kerja keras kilang pertamina internasional denyut umkm transportasi rakyat hidup,
jaga lancar mobilitas masyarakat pertamina siap spbu layan butuh masyarakat pasok pertamina bangkabelitung tcouvjwbqvy,
pertamina mantap kesiapsiagaan aman instalasi strategis jaga daulat energi nasional tcobypcyisn,
uriyunoyomi kisah pertamina doang,
user terima putus baik kendara spbu swasta bubar batas supply pertamina jual bensin campur etanol,
petralite pertamina campur etanol pertamina pasti distribusi sesuai regulasi perintah pertamina bangkabelitung patriot tcojyulumqff,
dwynnawin serah pertamina pakai etanol persen masyarakat hak produk baik sesuai swasta pakai campur etanol pertalite laku pakai etanol pertamina rugi,
redam anjing banget tangki motor tahun usia motor ulah campur etanol pertamina bahlil,
suryo pertamina campur etanol kurang emisi karbon gantung impor bensin juta tontahun cipta lapang kerja produksi etanol bas tebusingkong rencana transisi energi bersih,
viral antre beli pertamina aceh migas buka suara tcowcackqfqm,
perintah istana turun pertamina kutik proyek raksasa etanol geber tcovzllvefld,
imajinasi bilang kait stimulus rakyat indonesia alih kendara listrik bisnis batu bara roket skenario imajinasi swasta cabut pertamina satu kekeuh etanol kendara tinggal beli kendara listrik,
efek rdmp balikpapan operasi rfcc balikpapan catat grafik ekonomi selaras langkah kilang balikpapan kilang pertamina internasional panjang rantai nilai daerah,
malangrayainfo sinting ampas pertamina kompetitor restock sambut kabar gembira khawatir kandung etanol mending produk pertamina coba,
abdshomad redam lapor batch base fuel impor pertamina kandung etanol pertamina resmi pertalite produksi etanol bukti regulasi izin rencana spesifikasi kendara,
tedzinski masbaim jimans mending beli bpshell pertamax kemarin beli restock tari kayak ngeden habis langsam bahan baku pertamina,
malas benerin kualitas base fuel otak atik etanol sulfur ente tinggi pertamina,
jalan pendek kilang balikpapan bawa ubah rdmp balikpapan beri langgan umkm rasa tingkat beli dorong kilang pertamina internasional,
halo update kondisi aceh kondisi rumah keluarga besar rumah nenek kuala simpang aceh tamiang makan bersih batas bibi boleh ungsi kawasan pertamina urus makan cari tcoybmoxpxpm,
cangkemu omong seng genah kota semarang spbu cuman pertamina mulane omong ndelok grassroots bangsat,
infojktcom toyota kendara toyota pertamina kandung etanol aman nyaman,
kzonna sharpandshark bobibos alih etanol pertamina etanol pakai bakar etanol higroskopis ikat indonesia iklim tropis kelembaban udara efek bahan bakar papar udara serap,
agusyudhoyono sinergi maksimal rakyat negara komitmen tanggap darurat bangun infrastruktur koordinasi lintas menteri hubung pertamina bukti nyata negara hadir,
pertamina patra niaga pasok energi masyarakat wilayah aceh sumatera utara sumatera barat kondisi aman iring pulih operasional suplai jalur laut direktur utama pertamina patra niaga mars legowo putra tcoscntjgmxk,
xendlesss enak beli pertamax pakai pertamina antre diistemawakan,
ownedbyserina bantu pertamina,
puzzwles pertamina rugi rugi untung,
omelette satusrongpuluh ncerbgt dhea araafiaprilia ya ess artikel konfirmasi beli barel base fuel pertamina ragu kandung etanol jamin kualitas konsisten sumber reuters news etanol utama indonesia izin,
prabowo presiden mohon perhati guna bahan etanol pertamina etanol rusak kendara rusak manusia rusak atmosfer bumi etanol hasil polusi udara buruk riset hajat hidup juta jiwa duduk,
untung pertamina rugi pantesan konsumsi boros tenaga motor mobil oplos korosi tangki pipa bahan bakar parah banget untung rugi campur etanol persen ahli tcozfwxhkfq,
kilang pertamina internasional hadir kontribusi nyata balikpapan aktivitas rdmp tingkat mobilitas barang jasa rantai pasok lokal dinamis tumbuh ekonomi kota dorong stabil inklusif,
pertamina pertamina tukar tabung bright kg tabung kota jogja spbu coco harga,
bumnidn kelola bumn pertamina elnusaofficial depot pertamina labuh deli praktek ilegal bebas operasi tcoufyfhzk,
pertamina patra niaga sedia telepon khusus instansi lembaga butuh tangan bencana wilayah sumatera tcohfxfqbs,
pertamina jalan arah perintah campur etanol persen langkah nyata transisi energi nasional tcojtdscaodey,
etanol base fuel pes spbu swasta darimana asal tetiba pertamina stok etanol pertalite campur etanol hoaks prabowo gibrantweet bahlillahadalia tcowtnyqfjxfe,
atas antre dewan desak pertamina turun stasiun desadesa tcohwdbqha,
hakimsrg grok obyektif ecek kualitas mahal bilang boros beli base fuel pertamina etanol sulfur faktor psikologis gara gara suka pertamina bijak,
arsipaja respect tindak catat benah pertamina etanol persen terap harga subsidi murah kayak biosolar,
seputarenergi kandung etanol pertamina bantu tingkat kualitas bahan bakar aman kendara,
tarik produk pertamina resmi kandung etanol pertamax green spbu juli jual kiloliter tcomltcmpnth segitu anggap tahun ribu kiloliter tcopaovpgatv,
jsuhmymoody antri beli saham pertamina habis bensin hutan,
tuju ironis pertamina doang,
pertamina patra niaga sambut positif rencana manfaat bahan bakar minyak kandung bioetanol persen kenal tcoluncwyaqpy aidilakbar,
tvonenews shall jual bensin pakai etanol performa mesin bagus pertamina campur etanol performa mesin jelek kepala masyarakat alas,
subholding upstream pertamina zona salur bantu warga rantau aceh tamiang isolasi banjir selasa desember bantu salur langsung helikopter airdrop titik akses jalur darat tcornxoduvjdd,
petralite pertamina campur etanol pertamina pasti distribusi sesuai regulasi perintah pertamina bangkabelitung patriot tcomumulc,
saldo install shopeepay upgrade spay plus login akun shopee pasuk kode referral ffjwvwp diskon info freelance receh zonauang erick thohir prabowo purbaya bahlil pssi bumn pertamina etanol vivo shell tcoczihhcgfvf tcodoodrzvlu,
imwinter tumbuh investasi peran kilang pertamina internasional signifikan banget,
rfcc operasi efek rdmp balikpapan balikpapan catat grafik ekonomi selaras langkah kilang balikpapan kilang pertamina internasional panjang rantai nilai daerah,
wali kota rdmp balikpapan legacy energi indonesia emakemak pasar legacy sayur meja pertamina kasih bahan bakar proyek kasih nafkah tambah,
adekang prediksi gempa cianjur cipanas gempa pagi sumber volcano discovery signifikan pertamina kontroversi korupsi impor minyak rugi rpt sumber wikipedia telepati profesor mantap,
langsung chat polarisstellar buatreview cover letter linkedin konsultasi karir latih interview alam tembus bumn mandiri paragon shopee pertamina unilever zonauang jokicv jokilinkedin zonaba zonajajan,
bilang proyek sentuh rakyat amat rdmp balikpapan tambat manfaat kursi angkotnya kilang pertamina internasional jahit rezeki umkm,
jimans ngisi pertamina,
vigilantye kingomingo gnfi teknik mesin mesin tong ngeluh pakai pertamina bilang pajero beat aman ngeluh tweet fokus etanol pakai,
narkosun hal karyawan pertamina doyan hoax,
pertamina dukung campur persen etanol tcoolfzdtot,
rayfes blackmamatt perempuanwaos bahas dian sastro keluarga suami kakek suami dian sastro rektor pertamina jabat orba koruptor mertua diri grup ceonya suami mertua ngebunuh layan hukum dibebasin,
supply oktober campur base fuelnya etanol bumi bersih indah damai lestari pertamina baca prabowo gibrantweet bahlillahadalia tcosskmiims,
vivo beli bensin pertamina kontainer bensin penuh standar vivo vivo batalin beli bensin kontainer bensin oplos etanol jual pertamina biar kendara modyar,
hadir satgas nataru pertamina tingkat kualitas layan baca lengkap tcosjzfiqujnl,
araafiaprilia dalem pomnya pertamina kandung etanol,
kerja dppu pertamina adisucipto info kait magang,
agusyudhoyono gerak cepat koordinasi lintas sektor optimal respon sigap siklon tropis koordinasi bmkgbnpb kemenpu kemenhub pertamina patut apresiasi,
heran dakwa rugi negara anak riza chalid klaim kontrak pertamina tcoiwumjolex,
jimans hadah pertamina kencing kali,
emiten pertamina geothermal pgeo pegang saham mayoritas proyek patungan indonesia power proyek energy baru pgeo milik saham persen sisa pegang indonesia power,
susnog patubmbel smarto pertamina kementerianesdm danantarari etanol hari import sida tebu ketela bahlul buruk rupa partaigolkar gank solo kebijakanya buruk elektabilitas prabowo titik nadir prabowo jatuh next presiden manusia palsu fufufa,
perintah kerah truk alat berat aceh tamiang akses darat buka jakarta tangan bencana aceh tamiang cepat kendara angkut bahan bakar minyak alat berat pertamina menteri kerja tcovciditsbs,
somexthread loh wajib kandung etanol swasta beli beli pertamina kemarin swasta gajadi beli kandung etanol sepakat base fuel wkwkwkkw,
masjalah omonnya pertamina motor brebet bukannkrn etanol busi,
soyunsong jimans pulau sukabumi pertamina,
kilang pertamina internasional energi putar ekonomi rakyat umkm langgan kontra penuh warung laris balikpapan hidup,
tempodotco ribu gara pertamina,
aceh pertamina antri jawa ular daerah inisiatif buka spbu barudan curi pakai modus modifikasi kendara marak spbu main,
tempodotco kontener udang cemar dipulangin amerika zulhas bilang amaanmakan shell vivo batalin kontrak pertamina campur etanol bahlil bilang ama negara pakai prabowo salah pilih orang tcoothkjnrb,
presidenkopi mikir pertamina plus etanol pertamina nambahin bensin campur etanol muncul,
zulfikarkib jimans yess regulasi perintah pertamina saing swasta,
pertamina halo mana bantu dapat teman keluarga habis masak sibolga mohon bantu,
desa energi berdikari pertamina sabet harga detikcom awards tcofialmeti,
tempodotco kaget isben pertamina mata picek,
kemarin ngisi bensin pertamina staff tawar minum snack free lagilagi karyawan bersihin nama jelek kompeni jabat korup,
soyunsong jimans ngisi mana indonesia kanan kiri pertamina maju meter pertamina,
anamazingbali pertamina mending jirigen scan barcode etanol,
jhaehyuniie mending beli kuda mahal asih makan petinggi pertamina rugi,
breaking news daftar harga desember pertamina shell vivo hargabensin tcoeiqtcfkuy,
anggota fpkb ruslan daud desak pertamina atas langka elpiji landa provinsi aceh sumatera utara sumatera barat pascabencana banjir tanah longsor tcowxzcrob,
cepat tangan bencana sumatera pertamina patra niaga sebar nomor khusus instansi butuh pasok energi tcoczuaaqer,
jimans kualitas pertamina pertalite pertamax beda harga kualitas jelek paksa kaya pilih shell vivo sedia pertamina,
lyvan taboada yana shcherban gebrak proliga bela musim taboada samator shcherban pertamina enduro mojisports proliga dukungvoliindonesia tcocxdbtyqk,
soyunsong jimans daerah pertamina beli mana,
didilionrich loecoe program bensin etanol kelas subsidi pertamina jual bensin pakai etanol nama pertamax green harga rupiah etanol geetuu tcohhjbeuih,
pertamina tolong pantau kirim beli jual harga kali lipat,
anakogi campur etanol blok cuman indonesia masalag vivo kemarin murni tampa campur pertamina jual vivo campur sedan standar racik sendiri,
pertamina halo ahmad tentu tiap spbu beli pertalite roda wajib mesin,
ecer sempat banget antri pertamina,
sutanmangara jalan putus kirim pertamina,
dandimardani kangmanto singkong olah etanol bioetanol campur bensin bahan bakar ramah lingkung indonesia perintah genjot kurang impor rencana mandatori info baru pertamina,
albertkusen narasinewsroom paham khawatir krisis spbu swasta dasar data kini langka agustus sebab geser konsumsi nonsubsidi kuota impor tambah etanol pertamina perintah bantah monopoli halang investasi,
masyarakat bangka belitung khawatir pertamina patra niaga pasti stok nataru aman butuh masyarakat pertamina bangkabelitung tcodiqxgzbdw,
campur etanol persen duga alas shell enggan beli pertamina jawa tcoymcoxgf,
yukichan sektor bumn rugi pertamina kairugi jonan pecat suruh tanggung kcic,
hormat driver pertamina komentar tembus banjir taruh selamat warga masak rang rumah jalan sitinjau lauik binjai lawan arus banjir tconyfexes,
perangkat kait gerak alias mati gerak mobilisasi anggar fasilitas bumn pertamina telkom main total normal situasi pdam jibaku bersih,
txtdrimedia busung lapar kena bensin campur etanol harga bensin murah daripd pertamina,
jzna sicupuh konfirmasi resmi pertamina ganti resep barubaru bpakr batal beli base fuel pertamina kandung etanol pasok pulih sepakat base fuelnya sesuai formula pakai aditif,
pertamina arah perintah campur etanol persen kandung tcotpvdqhkrf,
akses darat putus sinyal hilang ambil langkah cepat kapal senin malam salur bantu pasang komunikasi satelit korban hasil evakuasi pangkal susu salut koordinasi lintas sektor tcobftmrgdnvr tcojfbxwafa,
pertamina siaga satgas natal nataru november januari masyarakat nikmat libur aman nyaman,
somexthread yaetanol kasar alkohol bakar api bensin etanol asli mahal pertalite niat pertamina oplos biar ronnya negara standar,
sambut libur natal nataru kilang pertamina internasional kesiap penuh dukung lancar penuh butuh bahan bakar minyak nasional tconiqweli,
jaga lancar mobilitas masyarakat pertamina siap spbu layan butuh masyarakat pasok pertamina bangkabelitung tcorrrhet,
seungfinity fakboy fakboy feromon etanol pertamina kayak,
tweetajeaje ptgas sbgian pertamina rugi hahaha,
bijak etanol tahap rencana jangka dukung transisi energi hijau terap wakil ketua komisi fraksi partai golkar nurdin halid partaigolkar bahlillahadalia golkar tahungolkar tcoqlztlmcnir tconvzdpddf,
grok calomagang pakai merek lokal pertamina pengin aneh aneh,
kompascom swasta ramein etanol rame rame orang bahas atur etanol diam diam pertamina ngoplos asih bensin pakai kandung etanol belunder swasta suruh beli pertamina tahu pakai etanol,
grok sumadiseloguno mardigu grok sepakat shell pertamina impor hubung etanol,
respons cepat banjir langkat pertamina fokus evakuasi warga bersih tangan medis tcoqyxgejkljd,
upaya wujud komitmen pertamina sedia energi darurat distribusi aman tahap lapang tcoqatcedypp energizingyou melayaniindonesiadenganhati tcomigohhhqx,
barcode pertamina mobil calya cabut pertamina sisi stock pertamax keliling spbu kosong,
spbu medan tutup habis stock supply pertamina gawaaaattttt,
masbroback campur etanol kenderaan mogok stop campur etanol pilih import import bajing pertamina kementerianesdm nikmat komisi bangun kilang pilih import,
pasok alat berat pertamina pupr kemenhub lancar medan aceh tamiang jalur darat akses buka lebar aman tcopbousveu,
bangherwin bahlil coba minum etanol kuat ngebohongin rakyat bijak korban rakyat puluh rakyat bahan bakar pertamina shell larang diributin menteri becus,
mikuroq rahmah buruceleng ardinat snwb gmwarrios korupsi hambat utama rugi negara ratus triliun rupiah pertamina triliun proyek infrastruktur mangkrak akibat penyalahgunaan dana daftar korupsi ungkap tconsuiqeywbs,
pertamina sepakat campur etanol persen tcoiprnte,
lamun transformers indonesia truk tangki pertamina optimus prime witwicky bahlil optimus prime decepticons kusabab pertamina villain,
antonsubagia bankjoee susnog jediimar satrioaji feroferraferri bonapasogit verenasusilowa smileyndelight fdonghun queensilence bangsaygsujud hotelbrongto ferdinandmpu mohmahfudmd msaiddidu halo proyeksi konsumsi premium indonesia juta kiloliter utama daerah harga hitung nilai l miliartahun sumber esdm pertamina,
puzzwles beda saudara pertamina,
jelang nataru pertamina jamin sedia energi cukup tcobmivpulfnp,
direktur utama pertamina simon aloysius mantiri dukung penuh bijak perintah terap campur persen etanol bahan bakar bensin langkah jalan upaya transisi energi bersih kurang emisi tcowxsszzkxa,
rahasia kualitas bensin shell shell tolak beli pertamina kandung etanol temu rahasia campur bensin arsip majalah tempo catat shell kenal super shell shell extra bensin formula,
propaganda pertamina areinismyname bangsaygsujud florieliciouss fdonghun jatengtwit ndonsback skill level dewa barakallah fiik,
pertamina sedia telepon khusus wilayah bencana sumatra tcolctiifpwl,
utungtambang kerudung pertamina,
foto bekas kemarin bensin campur etanol solar ngendap dibubarin pertamina,
narasinewsroom baca faktor helikopter darat pikir asih bubble wrap barang lihat bantu pertamina asih barang dropping,
kemlonih alvinlie pertamina kandung etanol kualitas rendah murni rusak mesin tcooaldyzxrvo,
spbu swasta tolak bahan bakar campur etanolyg jual pertamina,
patuh mafia migas pertamina bantu mafia migas kenyang semenamena rugi negara bangsa rakyat dukung kelola fair etanol mafia henti bermainmain,
dukung energi pertamina cepat tangan bencana sumatera tcomhwruzlk,
aceh pertamina bnpbindonesia puspentni darurat listrik telur sinyal komunikasi moga normal,
sebab rusa hutan ampas tanah masyarakat pakai kebun tebu rencana batal tcoodmemnpdd,
dampak positif operasi rdmp balikpapan data kota balikpapan proyek refinery development master plan rdmp balikpapan kelola kilang pertamina internasional dampak ekonomi signifikan kota balikpapan tcoetdxsdkbj,
jalan raya ajang balap formula model indy pakai etanol motor mobil plhn energi hybrid fermentasi oksigen ngegas pakai etanol takut puluh terdakaa oplos pertamina bebas tcocupjcwuw,
pertamina kena denda temu kendara emis ranmor beli masalah pertamina tcoefavwji,
kompascom pertamina rujak spbu swasta etanol profesional cipta branding image banding pertamina loyo koruptif,
pertamina patra niaga produk bahan bakar minyak pertalite edar spbu pertamina produksi tambah etanol baca tcoktlogwsyi pertamina pertalite etanol,
pikir orangorang antri bensin pagi sidikalang malam tutup orang antri normal pertamina,
pinkatan sijidw ikhwan kompascom nunjukin sales contract sales agreement sepakat harga spesifikasi datang kargo jadi heboh tetangga kargo pertamina etanol postingan sblmya arang,
merdekadotcom pertamax rugi triliun rupiah duit rakyat indonesia kejaksaanri bukti sengaja campur etanol jual mahal kemenkeuri ganti personilnya audit investigatif internasional layak harga pertamina dprri bpkri,
kompascom pertamina rugi mulu rakyat beli bensin ngutang dagang bensin ecer untung usut inovasi etanol campur arak jadi bahan campur,
kilang pertamina internasional rdmp balikpapan kilang balikpapan dukung kembang umkm lokal tingkat kapasitas produksi kualitas produk,
chameliabunga parisvarisfaris kompascom tambah etanol maksud bensin etanol ganti etanol pertamina jual pertamax green kandung etanol bensin pakai etanol an indonesia goreng politik,
rdmp balikpapan bangun kilang bangun harap lihat saharuddin sopir angkot kontrak rutin antar kerja kilang balikpapan berkah alir umkm bukti kilang pertamina internasional bikin ekonomi warga hidup,
bangga sepupu pertamina sawit oplos pertamax bahlul monopoli spbu swasta illfeel sawit hasil,
mdyasmara tolak ikut swasta nolak dasar pertamina dalih kandung etanol sentiment irrasional,
kontraktor rapat umkm buka cabang peran kilang pertamina internasional jaga alur data balikpapan ubah terang pagi bersih,
wakil ketua dprd kalteng pertamina antisipasi langka jelang nataru tcospmlnzptl,
dirut pertamina patra niaga tinjau posko bencana sumut pasti distribusi energi bantu aman tcofuzxw,
apresiasi kilang pertamina balikpapan rekrut kerja lokal dampak ekonomi umkm hidup investasi kota lapor ekonomi bangun kilang ngangkat ekonomi warga,
polsek tigalingga aman arus lintas spbu family dairi personel polsek tigalingga polres dairi laksana giat aman arus lintas spbu family tigalingga mobil tangki pertamina bongkar minyak isi tcotvdclrhct,
etanol cepat rusak kondisi kendara celat korosi kendara bensin boros menurunksn perrforma mesin lengkap dosa bahlil dosa manusia dosa kendara pakai pertamina iklim investasi negeri,
jimans ente aneh ngabisin duit pertamina,
ampunnn harga lonjak tcoworingse pertamina persero sesuai harga bahan bakar minyak nonsubsidi desember,
aceh pertamina bphmigas bebas barcode khusus plat merah kendara bantu,
jimans tinggal kota pilih pertamina ngisinya pertamax pertalite,
jimans pakai pertamax bikin mesin rusak pertamina,
pertamina tebar paket sembako bantu renovasi sekolah akmil magelang tcozyylrt,
zakifebiyanto masbaim jimans bahan baku pertamina motor adaptasi bensin proses bersih residu bensin motor full habis tangki enak tari,
part pertamina admin keluh kait layan spbu ciroyom tcohcagxgd kunjung kemarin isi bayar qris,
pertamina salur bantu evakuasi kerja dampak banjir aceh tcolxbrhykr,
pertamina kerah helokoptek logistik aceh tamiang tcomggqrlswo,
bangjarwosopo newiding dsyantie aanmuba bangherwin bambangmulyonoo cahango doankwarto duren arifin branjangankawat ghurem mulanbilqis pertamina pasok etanol pertamina hihihi,
jaga lancar mobilitas masyarakat pertamina siap spbu layan butuh masyarakat pasok pertamina bangkabelitung tcomerbiet,
proyek rdmp balikpapan gulir angkot sahrudin sepi kerja kilang bolakbalik butuh transport umkm hidup kota rame rezeki lancar balikpapan kayak hidup kilang pertamina benar bawa dampak nyata,
tanyakanrl pertamina gaji asli nder kakak,
pinkatan rpanduto kompascom lebih pure pertamina mau jual campur etanol swasta campur itikat turut,
susipudjiastuti campur etanol rugi pertamainanya malaysia singapore brunei harga murah pertamina rugi cuan pertamina jual angin rugi,
lambat distribusi pertamina cipta emergensi sosialekonomi aceh antri beli kilometer kota banda aceh paska cyclone sinyar anggota aceh ilmiza lapor kondisi tcooadkogvlu,
prabowo tolong sikat mafia pertamina aspal curah jawa timur langka tahan keluar akibat proyek jalan hotmix tunda,
rela tinggal keluarga pasti alat dapur nyala nyali instruksi pusat tak hormat setinggitingginya supir lapang pertamina ujung tombak manusia putar roda tcokmabagpu,
puzzwles kemarin kemarin pertamina,
lostonlatrains disas kakek mertua korupsi pertamina orba,
mantap proyek refinery development master plan rdmp balikpapan kelola kilang pertamina balikpapan anak usaha kilang pertamina internasional kontribusi ekonomi kota nilai investasi tconelkkudwpa,
leeixie masalah indonesia standar tank ubah sesuai guna etanol guna etanol pertamina kaget ngeluhin guna boros gampang rusak,
transformasi kilang modern rdmp balikpapan hadir manfaat luas tingkat dapat daerah investasi peluang kerja cermin lapor balikpapan apresiasi kilang balikpapan kilang pertamina internasional,
gugusplus krismo mobil pertamina hoax berita lempr emosi banget antri lewatin makan siang sakit perut sakit kepala,
uanda susipudjiastuti pertamina pertalite kandung etanol lapor kontroversi kandung etanol bahan baku spbu swasta perintah rencana wajib campur etanol,
prabowo prioritas listrik korban banjirlongsor sumatera pertaminaampndashpln tegas pasok pulih tcobwcitrok dapat update kabar baru bangbara gabung salur whatsapp klik gabung salur,
badan atur hilir minyak bumi koordinasi perintah provinsi sumatera utara pertamina patra niaga pasok distribusi bahan bakar minyak jaga pascabencana alam daerah tcokfhyreupdf,
pertamina patra niaga tambah produksi impor jaga pasok stabil libur konsumsi energi prediksi tingkat iring dekat periode raya tcoxzvbfwgz,
kangsemproel campaga beli pertamina nyampur turbo beda kwalitas swasta layan pertamina ngisi bensin ngemis,
udek etanol biar murah rugi pintar plat merah alias pertamina,
xendlesss senin kemarin jadi salah bensin karawang kota masuk jalur khusus pertamax pertamax tolak suruh antri jalur khusus pertamax langsung pergi ngomel pertamina,
pertamina tolong kondisi beli jiregen msyarakat bagi pertamini harga harga pertamini pertamax tolong pantau daerah pulau nias provinsi sumut tcobppoxlkuru,
arsipaja contoh nyata lulus tinggal buka kontrak beli spbu swasta pertamina tahu salah curiga etanol titip nyawer monyet budaya jabat konoha,
metrotv jalan sikon kosong sedia jeda waspada narasi gaduh butuh nalar pikir konsumen pertamina kementerianesdm dewanpers kemendagri polkamri divhumaspolri pbidi divhumaspolri ylkiid,
jaksapedia ratnapuspi kejaksaanri kemenkum gakkumklhk mypertaminaid pertamina pertamina kementerianesdm laku bala hutan kbeh piye,
guna etanol untung tani negara guna etanol ribut tuju skema indonesia toyota heran pertamina kandung etanol persen ribut tcolomdqjkpcq,
dechip xendlesss corong pertilete sus pertamax sus pertamina,
cepat pulih layan energi pertamina patra niaga mobilisasi awak mobil tangki tambah taja adadikompas tcomjdilahef,
indranatatama nama kerja hebat kilang pertamina internasional rdmp balikpapan,
notherme vitekwinsor fructusputridus redam cocok bijak motor indonesia ahli ethanol sifat higroskopis tingkat kadar bensin ngeluh ditab bensin air motor rusak tcojjonhvu,
megah rdmp balikpapan kisah hangat warga saharuddin sopir angkot senyum berkat proyek kilang balikpapan jalan kilang pertamina internasional angkotnya rutin sewa kerja ekonomi putar umkm hidup,
rdmp balikpapan bikin ekonomi kota ngebut balikpapan catat pdrb investasi warga rasai order wali kota kasih apresiasi kilang balikpapan kilang pertamina internasional jaga ritme biar manfaat nyebar luas tcoiuypdwww,
saat bencana diam pertamina mypertaminaid naik harga pertamax,
ngisi ribu pertamina uang ngejar stock bensin kedip stock,
bubbyeing naufalsyauqiht jimans jawa pertamina doang,
subholding pertamina peran tahan energi nasional integrasi rantai bisnis hulu hilir luas infrastruktur jaring pipa regasifikasi spbg berita lengkap baca tcodfrkkklmo tcoppaqzner,
aceh pertamina bnpbindonesia puspentni sedih,
bensin pertamina pedaringan tambal fren pompa sender,
propaganda pertamina areinismyname bangsaygsujud florieliciouss fdonghun kimberleyps jatengtwit ndonsback pengin kasih video kemarin bilang korban bencana butuh,
paksa beli bahan bakar pertamina harga ditentuin market price jual konsumen harga tentu sesuai harga produksi beli listrik bangkit swasta butuh,
l bodoamat pertamina shell jual,
pakai pertamax mesin rusak alias busuk pertalite auto wassalam turbo langka bandung tibatiba syal pertamina,
mdyasmara ribut mesin bas kandung etanol diributin pembelipemilik spbu swasta order murni base oilbbm pertamina kasih etanol racik sendiri situ nilai kualitas spbu swasta pertamina,
jhonsitorus pertamina pilih oplos etanol repot kilang,
narkosun atur receh urus coba tangkap adil libat korupsi pertamina,
soceafly gampang banget ngalihin tinggal bikin akun upload transfer bank debat lupa dana reses juta pertamina etanol santri ketiban bangun pesantren racun korupsi dana haji super lupa maaf,
aceh pertamina bahlillahadalia tanggung tcoupmhowezjq,
pertamina patra niaga tegas pertalite kandung etanol tcoplftgwps,
masmasbiassaa kelixmann didepancangkir wizcayn sahabat pertamini pertamina,
lexwu iblis percaya bahlil takut sesat pertamina campur etanol ama,
indepensumatera pertamina gratisin anjingg kondisi darurat kirim aceh medan padang,
pertamina raih gold rank asrrat berkat unggul lapor lanjut thephraseid pertagas pertamina asrrat tcoxlmlquofl,
jimans orangorang ngisi pertamina kasihan mesin daerah swasta stok alas beli produk pertamina,
snowuflake jimans swasta jakarta swasta restock samp rela antri saking trust issue pertamina,
direktur utama pertamina patra niaga mars legowaputra campur etanol bahan bakar minyak kurang emisi karbon kurang gantung energi fosil tcoghwftygr,
dorong alat berat pertamina menteri kerja menteri hubung jalan medan aceh tamiang akses jalur darat teddy terang rabu desember,
tanyakanrl segi teknis paham orang finance lihat kabur kemarin spbu swasta nolak pertamina campur etanol mau aditif,
frsdfghjkl wapaaaooo tcowoxxtstlw sekitar situ pinggir jalan raya buka subuh banget,
beyonddrivez pegawai pertamina bjir sudi mending katai tifosi,
hama pertamina balikin vivoshell,
pertamina kirim bantu wilayah isolir sibolga nias tcodfzdhfwsx,
tolak mulu magang curiga magang bigpertamina,
pertamina tegas pertalite kandung etanol bensin murni kualitas tcopkfcgoozb,
aceh pertamina antri spbu lumrah sumatra sulawesi speaking from experience saat normal kayak,
warga keluh kosong bahlil klaim stok sumatera pertamina buka suara sapa malam tcobdtdtbrq,
stok aman pertamina patra niaga kuat distribusi awak mobil tangki jateng sumsel kalimantan tuju energi cepat aman target tambah tcojgxzbymcw tcoiytrzrb,
arsipaja pakai versi etanol pertamina hehe,
susnog kemenperinri tan kementerianesdm pertamina bobibosbbn danantarari detikcom kompastv tempodotco nabati etanol temu tumbuh fermentasi suling temu,
rdmp balikpapan proyek efek benar rasa warga peluang kerja usaha rame ekonomi kota ngebut kolaborasi perintah kota pertamina nyata banget hasil,
soyunsong jimans sayang mesin doang pertamina kali isi,
jalur darat putus akses sendat akibat bencana sumatra mobil tangki skid tank gerak perlahan tinggal integrated terminal teluk kabung selasa desember baca berita lengkap tcojcqatuqg,
juru bicara komando posko tangan darurat bencana hidrometeorologi murthalamuddin aceh ringan isi subsidi bebas guna barcode tangan bencana tanggap darurat tcoqsvrwqsmuu,
