full_text,clean_text,normalisasi_text,tokenize,stopword_removal,steming_data,label
@hanyarbabini @anunemouse @jimans_ yakin pertamina hanya 10 persen etanol ?,hanyarbabini anunemouse jimans yakin pertamina hanya persen etanol,hanyarbabini anunemouse jimans yakin pertamina hanya persen etanol,"['hanyarbabini', 'anunemouse', 'jimans', 'yakin', 'pertamina', 'hanya', 'persen', 'etanol']","['hanyarbabini', 'anunemouse', 'jimans', 'pertamina', 'persen', 'etanol']",hanyarbabini anunemouse jimans pertamina persen etanol,neutral
Rieke Diah Pitaloka mengkritik impor etanol oleh Pertamina. Jika produksi nasional mampu memasok mengapa tidak dimanfaatkan? #dprri #pdiperjuangan #fraksipdiperjuangan https://t.co/32ro5iujzM,rieke diah pitaloka mengkritik impor etanol oleh pertamina jika produksi nasional mampu memasok mengapa tidak dimanfaatkan dprri pdiperjuangan fraksipdiperjuangan tcoroiujzm,rieke diah pitaloka mengkritik impor etanol oleh pertamina jika produksi nasional mampu memasok mengapa tidak dimanfaatkan dprri pdiperjuangan fraksipdiperjuangan tcoroiujzm,"['rieke', 'diah', 'pitaloka', 'mengkritik', 'impor', 'etanol', 'oleh', 'pertamina', 'jika', 'produksi', 'nasional', 'mampu', 'memasok', 'mengapa', 'tidak', 'dimanfaatkan', 'dprri', 'pdiperjuangan', 'fraksipdiperjuangan', 'tcoroiujzm']","['rieke', 'diah', 'pitaloka', 'mengkritik', 'impor', 'etanol', 'pertamina', 'produksi', 'nasional', 'memasok', 'dimanfaatkan', 'dprri', 'pdiperjuangan', 'fraksipdiperjuangan', 'tcoroiujzm']",rieke diah pitaloka kritik impor etanol pertamina produksi nasional pasok manfaat dprri pdiperjuangan fraksipdiperjuangan tcoroiujzm,neutral
Pertamina menilai etanol 70 persen lebih murah dari bensin dan membuka peluang ekonomi baru serta energi ramah lingkungan https://t.co/zjBjw0yi72,pertamina menilai etanol persen lebih murah dari bensin membuka peluang ekonomi baru serta energi ramah lingkungan tcozjbjwyi,pertamina menilai etanol persen lebih murah dari bensin membuka peluang ekonomi baru serta energi ramah lingkungan tcozjbjwyi,"['pertamina', 'menilai', 'etanol', 'persen', 'lebih', 'murah', 'dari', 'bensin', 'membuka', 'peluang', 'ekonomi', 'baru', 'serta', 'energi', 'ramah', 'lingkungan', 'tcozjbjwyi']","['pertamina', 'menilai', 'etanol', 'persen', 'murah', 'bensin', 'membuka', 'peluang', 'ekonomi', 'energi', 'ramah', 'lingkungan', 'tcozjbjwyi']",pertamina nilai etanol persen murah bensin buka peluang ekonomi energi ramah lingkung tcozjbjwyi,neutral
@tanyakanrl 1st cleanser : minyak telon fw : bimoli 12 liter exfo : pertalite ( pertamina ) toner : etanol serum / ampul : kampas oli moist : minyak rem ss : zambuk oil vera semoga bermanfaat,tanyakanrl cleanser minyak telon bimoli liter exfo pertalite pertamina toner etanol serum ampul kampas moist minyak zambuk vera semoga bermanfaat,tanyakanrl cleanser minyak telon bimoli liter exfo pertalite pertamina toner etanol serum ampul kampas moist minyak zambuk vera semoga bermanfaat,"['tanyakanrl', 'cleanser', 'minyak', 'telon', 'bimoli', 'liter', 'exfo', 'pertalite', 'pertamina', 'toner', 'etanol', 'serum', 'ampul', 'kampas', 'moist', 'minyak', 'zambuk', 'vera', 'semoga', 'bermanfaat']","['tanyakanrl', 'cleanser', 'minyak', 'telon', 'bimoli', 'liter', 'exfo', 'pertalite', 'pertamina', 'toner', 'etanol', 'serum', 'ampul', 'kampas', 'moist', 'minyak', 'zambuk', 'vera', 'semoga', 'bermanfaat']",tanyakanrl cleanser minyak ton bimoli liter exfo pertalite pertamina toner etanol serum ampul kampas moist minyak zambuk vera moga manfaat,neutral
@Ndons_Back @florieliciouss @03__nakula @ardinat4_ @MyPertaminaID @pertamina @Abe_Mukti @andrewenas @Intel_Imut @AskPerplexity oh jelassssss ... sayang aja kenapa hal kek gini sepi ya malah yang rame etanol,ndonsback florieliciouss nakula ardinat mypertaminaid pertamina abemukti andrewenas intelimut askperplexity jelassssss sayang kenapa gini sepi malah yang rame etanol,ndonsback florieliciouss nakula ardinat mypertaminaid pertamina abemukti andrewenas intelimut askperplexity jelassssss sayang kenapa begini sepi malah yang rame etanol,"['ndonsback', 'florieliciouss', 'nakula', 'ardinat', 'mypertaminaid', 'pertamina', 'abemukti', 'andrewenas', 'intelimut', 'askperplexity', 'jelassssss', 'sayang', 'kenapa', 'begini', 'sepi', 'malah', 'yang', 'rame', 'etanol']","['ndonsback', 'florieliciouss', 'nakula', 'ardinat', 'mypertaminaid', 'pertamina', 'abemukti', 'andrewenas', 'intelimut', 'askperplexity', 'jelassssss', 'sayang', 'sepi', 'rame', 'etanol']",ndonsback florieliciouss nakula ardinat mypertaminaid pertamina abemukti andrewenas intelimut askperplexity jelassssss sayang sepi rame etanol,neutral
@YuriAndriyanto @AntzBrutallica @GNFI Masak gak bisa mbandingin lebih baik mana pake BBM etanol pertamina seharga 13rb dan mesin rusak Atau Pake Bobibos seharga 8700 dan mesin rusak..?,yuriandriyanto antzbrutallica gnfi masak bisa mbandingin lebih baik mana pake etanol pertamina seharga rb mesin rusak atau pake bobibos seharga  mesin rusak,yuriandriyanto antzbrutallica gnfi masak bisa mbandingin lebih baik mana pakai etanol pertamina seharga ribu mesin rusak atau pakai bobibos seharga mesin rusak,"['yuriandriyanto', 'antzbrutallica', 'gnfi', 'masak', 'bisa', 'mbandingin', 'lebih', 'baik', 'mana', 'pakai', 'etanol', 'pertamina', 'seharga', 'ribu', 'mesin', 'rusak', 'atau', 'pakai', 'bobibos', 'seharga', 'mesin', 'rusak']","['yuriandriyanto', 'antzbrutallica', 'gnfi', 'masak', 'mbandingin', 'pakai', 'etanol', 'pertamina', 'seharga', 'ribu', 'mesin', 'rusak', 'pakai', 'bobibos', 'seharga', 'mesin', 'rusak']",yuriandriyanto antzbrutallica gnfi masak mbandingin pakai etanol pertamina harga ribu mesin rusak pakai bobibos harga mesin rusak,neutral
@Excel_Dee Betul masyarakat belum tahu kalau bobibos ini juga etanol sama dengan pertamina bahkan belum tau etanolnya brp %,exceldee betul masyarakat belum tahu kalau bobibos juga etanol sama dengan pertamina bahkan belum etanolnya,exceldee betul masyarakat belum tahu kalau bobibos juga etanol sama dengan pertamina bahkan belum etanolnya,"['exceldee', 'betul', 'masyarakat', 'belum', 'tahu', 'kalau', 'bobibos', 'juga', 'etanol', 'sama', 'dengan', 'pertamina', 'bahkan', 'belum', 'etanolnya']","['exceldee', 'masyarakat', 'bobibos', 'etanol', 'pertamina', 'etanolnya']",exceldee masyarakat bobibos etanol pertamina etanol,neutral
@hakimsrg Jadi pertanyaan kalau dr Pertamina bensinnya mengandung etanol jg atau tidak?,hakimsrg jadi pertanyaan kalau pertamina bensinnya mengandung etanol atau tidak,hakimsrg jadi pertanyaan kalau pertamina bensinnya mengandung etanol atau tidak,"['hakimsrg', 'jadi', 'pertanyaan', 'kalau', 'pertamina', 'bensinnya', 'mengandung', 'etanol', 'atau', 'tidak']","['hakimsrg', 'pertamina', 'bensinnya', 'mengandung', 'etanol']",hakimsrg pertamina bensin kandung etanol,neutral
Semua akan bioetanol pada waktunya Termasuk yg kemarin marah soal campuran etanol di bBM produksi pertamina... ,semua akan bioetanol pada waktunya termasuk kemarin marah soal campuran etanol produksi pertamina,semua akan bioetanol pada waktunya termasuk kemarin marah soal campuran etanol produksi pertamina,"['semua', 'akan', 'bioetanol', 'pada', 'waktunya', 'termasuk', 'kemarin', 'marah', 'soal', 'campuran', 'etanol', 'produksi', 'pertamina']","['bioetanol', 'kemarin', 'marah', 'campuran', 'etanol', 'produksi', 'pertamina']",bioetanol kemarin marah campur etanol produksi pertamina,neutral
@pikiran_rakyat Gini dah wkwk itu pertamina make 10% etanol aja motor vario gue suka brebet 1 bulan make full pertamax udah servis injeksi apalagi yang 100%? Bukannya nyepong bahlil tapi doi juga ada benernya harus ada riset lebih dalem lagi apalagi ini murni 100% ,pikiranrakyat gini wkwk pertamina make etanol motor vario suka brebet bulan make full pertamax udah servis injeksi apalagi yang bukannya nyepong bahlil tapi juga benernya harus riset lebih dalem lagi apalagi murni,pikiranrakyat begini wkwk pertamina memakai etanol motor vario suka brebet bulan memakai full pertamax sudah servis injeksi apalagi yang bukannya nyepong bahlil tapi juga benernya harus riset lebih dalem lagi apalagi murni,"['pikiranrakyat', 'begini', 'wkwk', 'pertamina', 'memakai', 'etanol', 'motor', 'vario', 'suka', 'brebet', 'bulan', 'memakai', 'full', 'pertamax', 'sudah', 'servis', 'injeksi', 'apalagi', 'yang', 'bukannya', 'nyepong', 'bahlil', 'tapi', 'juga', 'benernya', 'harus', 'riset', 'lebih', 'dalem', 'lagi', 'apalagi', 'murni']","['pikiranrakyat', 'wkwk', 'pertamina', 'memakai', 'etanol', 'motor', 'vario', 'suka', 'brebet', 'memakai', 'full', 'pertamax', 'servis', 'injeksi', 'nyepong', 'bahlil', 'benernya', 'riset', 'dalem', 'murni']",pikiranrakyat wkwk pertamina pakai etanol motor vario suka brebet pakai full pertamax servis injeksi nyepong bahlil benernya riset dalem murni,neutral
@PartaiSocmed Gini dah wkwk itu pertamina make 10% etanol aja motor vario gue suka brebet 1 bulan make full pertamax udah servis injeksi apalagi yang 100%? Bukannya nyepong bahlil tapi doi juga ada benernya harus ada riset lebih dalem lagi apalagi ini murni 100% tapi yaudah apresiasi aja dlu,partaisocmed gini wkwk pertamina make etanol motor vario suka brebet bulan make full pertamax udah servis injeksi apalagi yang bukannya nyepong bahlil tapi juga benernya harus riset lebih dalem lagi apalagi murni tapi yaudah apresiasi,partaisocmed begini wkwk pertamina memakai etanol motor vario suka brebet bulan memakai full pertamax sudah servis injeksi apalagi yang bukannya nyepong bahlil tapi juga benernya harus riset lebih dalem lagi apalagi murni tapi yaudah apresiasi,"['partaisocmed', 'begini', 'wkwk', 'pertamina', 'memakai', 'etanol', 'motor', 'vario', 'suka', 'brebet', 'bulan', 'memakai', 'full', 'pertamax', 'sudah', 'servis', 'injeksi', 'apalagi', 'yang', 'bukannya', 'nyepong', 'bahlil', 'tapi', 'juga', 'benernya', 'harus', 'riset', 'lebih', 'dalem', 'lagi', 'apalagi', 'murni', 'tapi', 'yaudah', 'apresiasi']","['partaisocmed', 'wkwk', 'pertamina', 'memakai', 'etanol', 'motor', 'vario', 'suka', 'brebet', 'memakai', 'full', 'pertamax', 'servis', 'injeksi', 'nyepong', 'bahlil', 'benernya', 'riset', 'dalem', 'murni', 'yaudah', 'apresiasi']",partaisocmed wkwk pertamina pakai etanol motor vario suka brebet pakai full pertamax servis injeksi nyepong bahlil benernya riset dalem murni yaudah apresiasi,neutral
Pertamina mau pake etanol pada ngamuk. Giliran ini pada didukung padahal etanolnya lebih banyak,pertamina pake etanol pada ngamuk giliran pada didukung padahal etanolnya lebih banyak,pertamina pakai etanol pada ngamuk giliran pada didukung padahal etanolnya lebih banyak,"['pertamina', 'pakai', 'etanol', 'pada', 'ngamuk', 'giliran', 'pada', 'didukung', 'padahal', 'etanolnya', 'lebih', 'banyak']","['pertamina', 'pakai', 'etanol', 'ngamuk', 'giliran', 'didukung', 'etanolnya']",pertamina pakai etanol ngamuk gilir dukung etanol,neutral
@BANGSAygSUJUD @99propaganda @are_inismyname @arum_melasari @kiwalipitu @Ndons_Back @SBaigin @florieliciouss @xquitavee @tonybulumanu @FDonghun Bobibos itu etanol sm kyk yg dipakai Pertamina. Pas banget gonjang ganjing Etanol bobibos keluar. Sy masih bingung maksudny apaan.. https://t.co/i3uastrX1k,bangsaygsujud propaganda areinismyname arummelasari kiwalipitu ndonsback sbaigin florieliciouss xquitavee tonybulumanu fdonghun bobibos etanol dipakai pertamina banget gonjang ganjing etanol bobibos keluar masih bingung maksudny apaan tcoiuastrxk,bangsaygsujud propaganda areinismyname arummelasari kiwalipitu ndonsback sbaigin florieliciouss xquitavee tonybulumanu fdonghun bobibos etanol dipakai pertamina banget gonjang ganjing etanol bobibos keluar masih bingung maksudny apaan tcoiuastrxk,"['bangsaygsujud', 'propaganda', 'areinismyname', 'arummelasari', 'kiwalipitu', 'ndonsback', 'sbaigin', 'florieliciouss', 'xquitavee', 'tonybulumanu', 'fdonghun', 'bobibos', 'etanol', 'dipakai', 'pertamina', 'banget', 'gonjang', 'ganjing', 'etanol', 'bobibos', 'keluar', 'masih', 'bingung', 'maksudny', 'apaan', 'tcoiuastrxk']","['bangsaygsujud', 'propaganda', 'areinismyname', 'arummelasari', 'kiwalipitu', 'ndonsback', 'sbaigin', 'florieliciouss', 'xquitavee', 'tonybulumanu', 'fdonghun', 'bobibos', 'etanol', 'dipakai', 'pertamina', 'banget', 'gonjang', 'ganjing', 'etanol', 'bobibos', 'bingung', 'maksudny', 'tcoiuastrxk']",bangsaygsujud propaganda areinismyname arummelasari kiwalipitu ndonsback sbaigin florieliciouss xquitavee tonybulumanu fdonghun bobibos etanol pakai pertamina banget gonjang ganjing etanol bobibos bingung maksudny tcoiuastrxk,neutral
@ertigaid kalo pada dasarnya itu etanol yg udah terlanjur dibenci krn bahlil ya akan sulit berkembang. apalagi kendaraan skrg belum semua kompatibel dgn bahan bakar nabati solusinya kejar kontrak jadi supplier etanol pertamina kalo mau eksis terus,ertigaid kalo pada dasarnya etanol udah terlanjur dibenci bahlil akan sulit berkembang apalagi kendaraan skrg belum semua kompatibel bahan bakar nabati solusinya kejar kontrak jadi supplier etanol pertamina kalo eksis terus,ertigaid kalau pada dasarnya etanol sudah terlanjur dibenci bahlil akan sulit berkembang apalagi kendaraan sekarang belum semua kompatibel bahan bakar nabati solusinya kejar kontrak jadi supplier etanol pertamina kalau eksis terus,"['ertigaid', 'kalau', 'pada', 'dasarnya', 'etanol', 'sudah', 'terlanjur', 'dibenci', 'bahlil', 'akan', 'sulit', 'berkembang', 'apalagi', 'kendaraan', 'sekarang', 'belum', 'semua', 'kompatibel', 'bahan', 'bakar', 'nabati', 'solusinya', 'kejar', 'kontrak', 'jadi', 'supplier', 'etanol', 'pertamina', 'kalau', 'eksis', 'terus']","['ertigaid', 'dasarnya', 'etanol', 'terlanjur', 'dibenci', 'bahlil', 'sulit', 'berkembang', 'kendaraan', 'kompatibel', 'bahan', 'bakar', 'nabati', 'solusinya', 'kejar', 'kontrak', 'supplier', 'etanol', 'pertamina', 'eksis']",ertigaid dasar etanol lanjur benci bahlil sulit kembang kendara kompatibel bahan bakar nabati solusi kejar kontrak supplier etanol pertamina eks,neutral
PT Pertamina Patra Niaga menegaskan produk BBM jenis Petralite (RON 90) yang saat ini beredar di seluruh SPBU diproduksi tanpa etanol. Pertamina Patra Niaga memastikan seluruh produk BBM termasuk Petralite diproduksi dan didistribusikan sesuai dengan spesifikasi yang telah https://t.co/WsPr3Rnq5n,pertamina patra niaga menegaskan produk jenis petralite yang saat beredar seluruh spbu diproduksi tanpa etanol pertamina patra niaga memastikan seluruh produk termasuk petralite diproduksi didistribusikan sesuai dengan spesifikasi yang telah tcowsprrnqn,pertamina patra niaga menegaskan produk jenis petralite yang saat beredar seluruh spbu diproduksi tanpa etanol pertamina patra niaga memastikan seluruh produk termasuk petralite diproduksi didistribusikan sesuai dengan spesifikasi yang telah tcowsprrnqn,"['pertamina', 'patra', 'niaga', 'menegaskan', 'produk', 'jenis', 'petralite', 'yang', 'saat', 'beredar', 'seluruh', 'spbu', 'diproduksi', 'tanpa', 'etanol', 'pertamina', 'patra', 'niaga', 'memastikan', 'seluruh', 'produk', 'termasuk', 'petralite', 'diproduksi', 'didistribusikan', 'sesuai', 'dengan', 'spesifikasi', 'yang', 'telah', 'tcowsprrnqn']","['pertamina', 'patra', 'niaga', 'produk', 'jenis', 'petralite', 'beredar', 'spbu', 'diproduksi', 'etanol', 'pertamina', 'patra', 'niaga', 'produk', 'petralite', 'diproduksi', 'didistribusikan', 'sesuai', 'spesifikasi', 'tcowsprrnqn']",pertamina patra niaga produk jenis petralite edar spbu produksi etanol pertamina patra niaga produk petralite produksi distribusi sesuai spesifikasi tcowsprrnqn,neutral
PT Pertamina Patra Niaga menegaskan produk BBM jenis Petralite (RON 90) yang saat ini beredar di seluruh SPBU diproduksi tanpa etanol. #Pertamina #BangkaBelitung prioritaskan kebutuhan rakyat #GalaxyA56 #Fyp https://t.co/hIovUmKC2u,pertamina patra niaga menegaskan produk jenis petralite yang saat beredar seluruh spbu diproduksi tanpa etanol pertamina bangkabelitung prioritaskan kebutuhan rakyat galaxya tcohiovumkcu,pertamina patra niaga menegaskan produk jenis petralite yang saat beredar seluruh spbu diproduksi tanpa etanol pertamina bangkabelitung prioritaskan kebutuhan rakyat galaxya tcohiovumkcu,"['pertamina', 'patra', 'niaga', 'menegaskan', 'produk', 'jenis', 'petralite', 'yang', 'saat', 'beredar', 'seluruh', 'spbu', 'diproduksi', 'tanpa', 'etanol', 'pertamina', 'bangkabelitung', 'prioritaskan', 'kebutuhan', 'rakyat', 'galaxya', 'tcohiovumkcu']","['pertamina', 'patra', 'niaga', 'produk', 'jenis', 'petralite', 'beredar', 'spbu', 'diproduksi', 'etanol', 'pertamina', 'bangkabelitung', 'prioritaskan', 'kebutuhan', 'rakyat', 'galaxya', 'tcohiovumkcu']",pertamina patra niaga produk jenis petralite edar spbu produksi etanol pertamina bangkabelitung prioritas butuh rakyat galaxya tcohiovumkcu,neutral
@AndrewSinaga9 @kenhans03 Pertamax Turbo Pertamina adalah bensin RON 98 dengan aditif untuk performa tinggi. Secara resmi tidak mengandung air (Pertamina menyangkal kontaminasi air di BBM mereka berdasarkan tes terbaru). Untuk etanol ada campuran hingga 3.5-5% di beberapa varian Pertamina sebagai bagian,andrewsinaga kenhans pertamax turbo pertamina adalah bensin dengan aditif untuk performa tinggi secara resmi tidak mengandung pertamina menyangkal kontaminasi mereka berdasarkan terbaru untuk etanol campuran hingga beberapa varian pertamina sebagai bagian,andrewsinaga kenhans pertamax turbo pertamina adalah bensin dengan aditif untuk performa tinggi secara resmi tidak mengandung pertamina menyangkal kontaminasi mereka berdasarkan terbaru untuk etanol campuran hingga beberapa varian pertamina sebagai bagian,"['andrewsinaga', 'kenhans', 'pertamax', 'turbo', 'pertamina', 'adalah', 'bensin', 'dengan', 'aditif', 'untuk', 'performa', 'tinggi', 'secara', 'resmi', 'tidak', 'mengandung', 'pertamina', 'menyangkal', 'kontaminasi', 'mereka', 'berdasarkan', 'terbaru', 'untuk', 'etanol', 'campuran', 'hingga', 'beberapa', 'varian', 'pertamina', 'sebagai', 'bagian']","['andrewsinaga', 'kenhans', 'pertamax', 'turbo', 'pertamina', 'bensin', 'aditif', 'performa', 'resmi', 'mengandung', 'pertamina', 'menyangkal', 'kontaminasi', 'berdasarkan', 'terbaru', 'etanol', 'campuran', 'varian', 'pertamina']",andrewsinaga kenhans pertamax turbo pertamina bensin aditif performa resmi kandung pertamina sangkal kontaminasi dasar baru etanol campur varian pertamina,neutral
@kenhans03 Apa ini @grok ? apakah benar pertamax turbo Pertamina mengandung air atau etanol ?,kenhans grok apakah benar pertamax turbo pertamina mengandung atau etanol,kenhans grok apakah benar pertamax turbo pertamina mengandung atau etanol,"['kenhans', 'grok', 'apakah', 'benar', 'pertamax', 'turbo', 'pertamina', 'mengandung', 'atau', 'etanol']","['kenhans', 'grok', 'pertamax', 'turbo', 'pertamina', 'mengandung', 'etanol']",kenhans grok pertamax turbo pertamina kandung etanol,neutral
@SammiSoh Punyaku yang buat harian normal aja tuh bisa jadi itu yang kasus kecampuran air di dalam tangki BBM jadi brebet. Pertamina bilang hanya Pertamax Green yang ada etanol. Pengalamanku kalo mesin injeksi brebet di filter BBM kotor parah (wajib ganti tiap 3000km) filter udara OEM https://t.co/g6Zu7S5IVH,sammisoh punyaku yang buat harian normal bisa jadi yang kasus kecampuran dalam tangki jadi brebet pertamina bilang hanya pertamax green yang etanol pengalamanku kalo mesin injeksi brebet filter kotor parah wajib ganti tiap km filter udara tcogzusivh,sammisoh punyaku yang buat harian normal bisa jadi yang kasus kecampuran dalam tangki jadi brebet pertamina bilang hanya pertamax green yang etanol pengalamanku kalau mesin injeksi brebet filter kotor parah wajib ganti tiap kamu filter udara tcogzusivh,"['sammisoh', 'punyaku', 'yang', 'buat', 'harian', 'normal', 'bisa', 'jadi', 'yang', 'kasus', 'kecampuran', 'dalam', 'tangki', 'jadi', 'brebet', 'pertamina', 'bilang', 'hanya', 'pertamax', 'green', 'yang', 'etanol', 'pengalamanku', 'kalau', 'mesin', 'injeksi', 'brebet', 'filter', 'kotor', 'parah', 'wajib', 'ganti', 'tiap', 'kamu', 'filter', 'udara', 'tcogzusivh']","['sammisoh', 'punyaku', 'harian', 'normal', 'kecampuran', 'tangki', 'brebet', 'pertamina', 'bilang', 'pertamax', 'green', 'etanol', 'pengalamanku', 'mesin', 'injeksi', 'brebet', 'filter', 'kotor', 'parah', 'wajib', 'ganti', 'filter', 'udara', 'tcogzusivh']",sammisoh punya hari normal campur tangki brebet pertamina bilang pertamax green etanol alam mesin injeksi brebet filter kotor parah wajib ganti filter udara tcogzusivh,neutral
@gulapait8 @infomalang beda perusahaan beda deal2annya Kak kl BP/Vivo kan mslhin ada campurn etanol. kl shell gk mau beli dr pertamina krn curiga kl pertamina beli dr russia...katanya gt ya Kak.,gulapait infomalang beda perusahaan beda dealannya bpvivo mslhin campurn etanol shell beli pertamina curiga pertamina beli russiakatanya,gulapait infomalang beda perusahaan beda dealannya bpvivo mslhin campurn etanol shell beli pertamina curiga pertamina beli russiakatanya,"['gulapait', 'infomalang', 'beda', 'perusahaan', 'beda', 'dealannya', 'bpvivo', 'mslhin', 'campurn', 'etanol', 'shell', 'beli', 'pertamina', 'curiga', 'pertamina', 'beli', 'russiakatanya']","['gulapait', 'infomalang', 'beda', 'perusahaan', 'beda', 'dealannya', 'bpvivo', 'mslhin', 'campurn', 'etanol', 'shell', 'beli', 'pertamina', 'curiga', 'pertamina', 'beli', 'russiakatanya']",gulapait infomalang beda usaha beda dealannya bpvivo mslhin campurn etanol shell beli pertamina curiga pertamina beli russiakatanya,neutral
Pertamina Tegaskan Pertalite di Jatim Tak Mengandung Air Maupun Etanol https://t.co/CkbSYw5f30,pertamina tegaskan pertalite jatim mengandung maupun etanol tcockbsywf,pertamina tegaskan pertalite jatim mengandung maupun etanol tcockbsywf,"['pertamina', 'tegaskan', 'pertalite', 'jatim', 'mengandung', 'maupun', 'etanol', 'tcockbsywf']","['pertamina', 'tegaskan', 'pertalite', 'jatim', 'mengandung', 'etanol', 'tcockbsywf']",pertamina tegas pertalite jatim kandung etanol tcockbsywf,neutral
@JohnSmithcuj @soprettyuu @peredam03 Ya dari gambar tangki itu kelihatan modern dengan komponen injeksi dan kabel kemungkinan motor post-2000. Tapi korosi bisa terjadi karena kontaminasi air atau kualitas bensin buruk bukan etanol (masih direncanakan 2026). Saran cek di bengkel resmi atau lapor Pertamina.,johnsmithcuj soprettyuu peredam dari gambar tangki kelihatan modern dengan komponen injeksi kabel kemungkinan motor post tapi korosi bisa terjadi karena kontaminasi atau kualitas bensin buruk bukan etanol masih direncanakan  saran bengkel resmi atau lapor pertamina,johnsmithcuj soprettyuu peredam dari gambar tangki kelihatan modern dengan komponen injeksi kabel kemungkinan motor post tapi korosi bisa terjadi karena kontaminasi atau kualitas bensin buruk bukan etanol masih direncanakan saran bengkel resmi atau lapor pertamina,"['johnsmithcuj', 'soprettyuu', 'peredam', 'dari', 'gambar', 'tangki', 'kelihatan', 'modern', 'dengan', 'komponen', 'injeksi', 'kabel', 'kemungkinan', 'motor', 'post', 'tapi', 'korosi', 'bisa', 'terjadi', 'karena', 'kontaminasi', 'atau', 'kualitas', 'bensin', 'buruk', 'bukan', 'etanol', 'masih', 'direncanakan', 'saran', 'bengkel', 'resmi', 'atau', 'lapor', 'pertamina']","['johnsmithcuj', 'soprettyuu', 'peredam', 'gambar', 'tangki', 'modern', 'komponen', 'injeksi', 'kabel', 'motor', 'post', 'korosi', 'kontaminasi', 'kualitas', 'bensin', 'buruk', 'etanol', 'direncanakan', 'saran', 'bengkel', 'resmi', 'lapor', 'pertamina']",johnsmithcuj soprettyuu redam gambar tangki modern komponen injeksi kabel motor post korosi kontaminasi kualitas bensin buruk etanol rencana saran bengkel resmi lapor pertamina,neutral
@JohnSmithcuj @soprettyuu @peredam03 Saya tidak tahu pasti apakah dia ngisi E10 itu hanya kemungkinan umum penyebab korosi tangki. Setelah cek bensin Pertamina seperti Pertalite saat ini belum mengandung etanol (E10 direncanakan 2026). Mungkin kontaminasi air atau masalah perawatan. Saran cek mekanik resmi.,johnsmithcuj soprettyuu peredam saya tidak tahu pasti apakah ngisi hanya kemungkinan umum penyebab korosi tangki setelah bensin pertamina seperti pertalite saat belum mengandung etanol direncanakan  mungkin kontaminasi atau masalah perawatan saran mekanik resmi,johnsmithcuj soprettyuu peredam saya tidak tahu pasti apakah ngisi hanya kemungkinan umum penyebab korosi tangki setelah bensin pertamina seperti pertalite saat belum mengandung etanol direncanakan mungkin kontaminasi atau masalah perawatan saran mekanik resmi,"['johnsmithcuj', 'soprettyuu', 'peredam', 'saya', 'tidak', 'tahu', 'pasti', 'apakah', 'ngisi', 'hanya', 'kemungkinan', 'umum', 'penyebab', 'korosi', 'tangki', 'setelah', 'bensin', 'pertamina', 'seperti', 'pertalite', 'saat', 'belum', 'mengandung', 'etanol', 'direncanakan', 'mungkin', 'kontaminasi', 'atau', 'masalah', 'perawatan', 'saran', 'mekanik', 'resmi']","['johnsmithcuj', 'soprettyuu', 'peredam', 'ngisi', 'penyebab', 'korosi', 'tangki', 'bensin', 'pertamina', 'pertalite', 'mengandung', 'etanol', 'direncanakan', 'kontaminasi', 'perawatan', 'saran', 'mekanik', 'resmi']",johnsmithcuj soprettyuu redam ngisi sebab korosi tangki bensin pertamina pertalite kandung etanol rencana kontaminasi awat saran mekanik resmi,neutral
@4notherme @fructusputridus @peredam03 1. Monopoli itu namanya dengan alih aturan batasan kouta import 2. harus beli di pertamina ehh kandungan etanol nya gede swasta gamau 3.trus dibikin aturan wajib E10 biar laku rakyat gada solusi lain selain pertamina karena swasta laku bnyk yg minat,notherme fructusputridus peredam monopoli namanya dengan alih aturan batasan kouta import harus beli pertamina kandungan etanol gede swasta gamau trus dibikin aturan wajib biar laku rakyat gada solusi lain selain pertamina karena swasta laku bnyk minat,notherme fructusputridus peredam monopoli namanya dengan alih aturan batasan kouta import harus beli pertamina kandungan etanol gede swasta tidak mau terus dibikin aturan wajib biar laku rakyat tidak ada solusi lain selain pertamina karena swasta laku banyak minat,"['notherme', 'fructusputridus', 'peredam', 'monopoli', 'namanya', 'dengan', 'alih', 'aturan', 'batasan', 'kouta', 'import', 'harus', 'beli', 'pertamina', 'kandungan', 'etanol', 'gede', 'swasta', 'tidak', 'mau', 'terus', 'dibikin', 'aturan', 'wajib', 'biar', 'laku', 'rakyat', 'tidak', 'ada', 'solusi', 'lain', 'selain', 'pertamina', 'karena', 'swasta', 'laku', 'banyak', 'minat']","['notherme', 'fructusputridus', 'peredam', 'monopoli', 'namanya', 'alih', 'aturan', 'batasan', 'kouta', 'import', 'beli', 'pertamina', 'kandungan', 'etanol', 'gede', 'swasta', 'dibikin', 'aturan', 'wajib', 'biar', 'laku', 'rakyat', 'solusi', 'pertamina', 'swasta', 'laku', 'minat']",notherme fructusputridus redam monopoli nama alih atur batas kouta import beli pertamina kandung etanol gede swasta bikin atur wajib biar laku rakyat solusi pertamina swasta laku minat,neutral
@Luspatercept @grok Ngga mungkin pihak swasta ngga tau tentang peraturan etanol ini psti mereka tau. Tp kan mereka memilih ngga mengambil resiko. Malu lah dgn nama besar perusahaan mereka seperti SHELL yg sdh mendunia masa tiba² kualitasnya jd hancur gara² kebijakan pertamina. Cuma opiniku ya bang,luspatercept grok ngga mungkin pihak swasta ngga tentang peraturan etanol psti mereka mereka memilih ngga mengambil resiko malu nama besar perusahaan mereka seperti shell mendunia masa tiba kualitasnya hancur gara kebijakan pertamina cuma opiniku bang,luspatercept grok tidak mungkin pihak swasta tidak tentang peraturan etanol pasti mereka mereka memilih tidak mengambil resiko malu nama besar perusahaan mereka seperti shell mendunia masa tiba kualitasnya hancur gara kebijakan pertamina cuma opiniku abang,"['luspatercept', 'grok', 'tidak', 'mungkin', 'pihak', 'swasta', 'tidak', 'tentang', 'peraturan', 'etanol', 'pasti', 'mereka', 'mereka', 'memilih', 'tidak', 'mengambil', 'resiko', 'malu', 'nama', 'besar', 'perusahaan', 'mereka', 'seperti', 'shell', 'mendunia', 'masa', 'tiba', 'kualitasnya', 'hancur', 'gara', 'kebijakan', 'pertamina', 'cuma', 'opiniku', 'abang']","['luspatercept', 'grok', 'swasta', 'peraturan', 'etanol', 'memilih', 'mengambil', 'resiko', 'malu', 'nama', 'perusahaan', 'shell', 'mendunia', 'kualitasnya', 'hancur', 'gara', 'kebijakan', 'pertamina', 'opiniku', 'abang']",luspatercept grok swasta atur etanol pilih ambil resiko malu nama usaha shell dunia kualitas hancur gara bijak pertamina opini abang,neutral
@barkkkwith3ks @dananwibowo @neuvill8te @txtdrimedia ah kemaren shell n vivo aja nolak beli dari Pertamina karena ada etanol nya 1 5%..,barkkkwithks dananwibowo neuvillte txtdrimedia kemaren shell vivo nolak beli dari pertamina karena etanol,barkkkwithks dananwibowo neuvillte txtdrimedia kemarin shell vivo nolak beli dari pertamina karena etanol,"['barkkkwithks', 'dananwibowo', 'neuvillte', 'txtdrimedia', 'kemarin', 'shell', 'vivo', 'nolak', 'beli', 'dari', 'pertamina', 'karena', 'etanol']","['barkkkwithks', 'dananwibowo', 'neuvillte', 'txtdrimedia', 'kemarin', 'shell', 'vivo', 'nolak', 'beli', 'pertamina', 'etanol']",barkkkwithks dananwibowo neuvillte txtdrimedia kemarin shell vivo nolak beli pertamina etanol,neutral
@araafi_aprilia Ini BP beli base fuel nya dr pertamina ya?. Soalnya issue yg beredar base fuel nya pertamina ada etanol dgn kadar 3 5%. Jd ya sama aja,araafiaprilia beli base fuel pertamina soalnya issue beredar base fuel pertamina etanol kadar sama,araafiaprilia beli base fuel pertamina soalnya issue beredar base fuel pertamina etanol kadar sama,"['araafiaprilia', 'beli', 'base', 'fuel', 'pertamina', 'soalnya', 'issue', 'beredar', 'base', 'fuel', 'pertamina', 'etanol', 'kadar', 'sama']","['araafiaprilia', 'beli', 'base', 'fuel', 'pertamina', 'issue', 'beredar', 'base', 'fuel', 'pertamina', 'etanol', 'kadar']",araafiaprilia beli base fuel pertamina issue edar base fuel pertamina etanol kadar,neutral
@ARSIPAJA Gini lo pak bahlil ganteng. Drpd bapak begitu mndg kasih jln buat swasta ambil demand dari pertamina. Beban negara buat import juga bakalan berkurang (udah diambil swasta) negara juga gak perlu putar otak nambahin etanol. Import berkurang mesin gak mbrebet + rakyat happy. ️,arsipaja gini bahlil ganteng drpd bapak begitu mndg kasih buat swasta ambil demand dari pertamina beban negara buat import juga bakalan berkurang udah diambil swasta negara juga perlu putar otak nambahin etanol import berkurang mesin mbrebet rakyat happy,arsipaja begini bahlil ganteng daripada bapak begitu mndg kasih buat swasta ambil demand dari pertamina beban negara buat import juga bakalan berkurang sudah diambil swasta negara juga perlu putar otak nambahin etanol import berkurang mesin mbrebet rakyat happy,"['arsipaja', 'begini', 'bahlil', 'ganteng', 'daripada', 'bapak', 'begitu', 'mndg', 'kasih', 'buat', 'swasta', 'ambil', 'demand', 'dari', 'pertamina', 'beban', 'negara', 'buat', 'import', 'juga', 'bakalan', 'berkurang', 'sudah', 'diambil', 'swasta', 'negara', 'juga', 'perlu', 'putar', 'otak', 'nambahin', 'etanol', 'import', 'berkurang', 'mesin', 'mbrebet', 'rakyat', 'happy']","['arsipaja', 'bahlil', 'ganteng', 'mndg', 'kasih', 'swasta', 'ambil', 'demand', 'pertamina', 'beban', 'negara', 'import', 'berkurang', 'diambil', 'swasta', 'negara', 'putar', 'otak', 'nambahin', 'etanol', 'import', 'berkurang', 'mesin', 'mbrebet', 'rakyat', 'happy']",arsipaja bahlil ganteng mndg kasih swasta ambil demand pertamina beban negara import kurang ambil swasta negara putar otak nambahin etanol import kurang mesin mbrebet rakyat happy,neutral
@RizkiAsihan SPBU membeli BBM d Pertamina Ap tak ad SOP saat Tanki datang ke SPBU Ap langsung d cek yg terkandungan dlm BBM Misal bnr gk campuran etanol nya 10% tanpa campuran adaktif lain nya sprti air atau ap lah,rizkiasihan spbu membeli pertamina saat tanki datang spbu langsung terkandungan misal campuran etanol tanpa campuran adaktif lain sprti atau,rizkiasihan spbu membeli pertamina saat tanki datang spbu langsung terkandungan misal campuran etanol tanpa campuran adaktif lain seperti atau,"['rizkiasihan', 'spbu', 'membeli', 'pertamina', 'saat', 'tanki', 'datang', 'spbu', 'langsung', 'terkandungan', 'misal', 'campuran', 'etanol', 'tanpa', 'campuran', 'adaktif', 'lain', 'seperti', 'atau']","['rizkiasihan', 'spbu', 'membeli', 'pertamina', 'tanki', 'spbu', 'langsung', 'terkandungan', 'campuran', 'etanol', 'campuran', 'adaktif']",rizkiasihan spbu beli pertamina tank spbu langsung kandung campur etanol campur adaktif,neutral
Campuran etanol nambah berapa persen bro? Halo @pertamina,campuran etanol nambah berapa persen halo pertamina,campuran etanol menambah berapa persen halo pertamina,"['campuran', 'etanol', 'menambah', 'berapa', 'persen', 'halo', 'pertamina']","['campuran', 'etanol', 'menambah', 'persen', 'halo', 'pertamina']",campur etanol tambah persen halo pertamina,neutral
@Ngadinopanser @bangherwin Ya mencampur etanol Rp16.000/liter ke Pertalite Rp10.000/liter berpotensi rugi karena biaya produksi naik melebihi harga jual disubsidi. Pemerintah biasanya antisipasi dengan subsidi tambahan atau hitung penghematan impor jangka panjang. Namun tanpa infrastruktur Pertamina,ngadinopanser bangherwin mencampur etanol rpliter pertalite rpliter berpotensi rugi karena biaya produksi naik melebihi harga jual disubsidi pemerintah biasanya antisipasi dengan subsidi tambahan atau hitung penghematan impor jangka panjang namun tanpa infrastruktur pertamina,ngadinopanser bangherwin mencampur etanol rpliter pertalite rpliter berpotensi rugi karena biaya produksi naik melebihi harga jual disubsidi pemerintah biasanya antisipasi dengan subsidi tambahan atau hitung penghematan impor jangka panjang namun tanpa infrastruktur pertamina,"['ngadinopanser', 'bangherwin', 'mencampur', 'etanol', 'rpliter', 'pertalite', 'rpliter', 'berpotensi', 'rugi', 'karena', 'biaya', 'produksi', 'naik', 'melebihi', 'harga', 'jual', 'disubsidi', 'pemerintah', 'biasanya', 'antisipasi', 'dengan', 'subsidi', 'tambahan', 'atau', 'hitung', 'penghematan', 'impor', 'jangka', 'panjang', 'namun', 'tanpa', 'infrastruktur', 'pertamina']","['ngadinopanser', 'bangherwin', 'mencampur', 'etanol', 'rpliter', 'pertalite', 'rpliter', 'berpotensi', 'rugi', 'biaya', 'produksi', 'melebihi', 'harga', 'jual', 'disubsidi', 'pemerintah', 'antisipasi', 'subsidi', 'tambahan', 'hitung', 'penghematan', 'impor', 'jangka', 'infrastruktur', 'pertamina']",ngadinopanser bangherwin campur etanol rpliter pertalite rpliter potensi rugi biaya produksi lebih harga jual subsidi perintah antisipasi subsidi tambah hitung hemat impor jangka infrastruktur pertamina,neutral
@PaltiWest Klu kendaraan baru ok etanol ngak ada masalah tp buat kendaraan lama etanol bisa bikin koresi dan tangki rudak kendaraan ngadat dan tidak bertenaga trntu boros pemakaian BBM benahi dulu regulasi agar tidak merugikan semua pihak #pertamina #semuaorang,paltiwest kendaraan baru etanol ngak masalah buat kendaraan lama etanol bisa bikin koresi tangki rudak kendaraan ngadat tidak bertenaga trntu boros pemakaian benahi dulu regulasi agar tidak merugikan semua pihak pertamina semuaorang,paltiwest kendaraan baru etanol tidak masalah buat kendaraan lama etanol bisa bikin koresi tangki rudak kendaraan ngadat tidak bertenaga trntu boros pemakaian benahi dulu regulasi agar tidak merugikan semua pihak pertamina semuaorang,"['paltiwest', 'kendaraan', 'baru', 'etanol', 'tidak', 'masalah', 'buat', 'kendaraan', 'lama', 'etanol', 'bisa', 'bikin', 'koresi', 'tangki', 'rudak', 'kendaraan', 'ngadat', 'tidak', 'bertenaga', 'trntu', 'boros', 'pemakaian', 'benahi', 'dulu', 'regulasi', 'agar', 'tidak', 'merugikan', 'semua', 'pihak', 'pertamina', 'semuaorang']","['paltiwest', 'kendaraan', 'etanol', 'kendaraan', 'etanol', 'bikin', 'koresi', 'tangki', 'rudak', 'kendaraan', 'ngadat', 'bertenaga', 'trntu', 'boros', 'pemakaian', 'benahi', 'regulasi', 'merugikan', 'pertamina', 'semuaorang']",paltiwest kendara etanol kendara etanol bikin kores tangki rudak kendara ngadat tenaga trntu boros pakai benah regulasi rugi pertamina semuaorang,neutral
@julpaemon Menurut pernyataan resmi Pertamina pada Oktober 2025 Pertalite tidak dicampur etanol. Rumor itu dibantah dan tes campur air bukan bukti valid itu fenomena alami bensin. Brebet motor bisa dari faktor lain seperti kualitas SPBU atau masalah mesin. Saran: Cek lab resmi atau coba,julpaemon menurut pernyataan resmi pertamina pada oktober  pertalite tidak dicampur etanol rumor dibantah campur bukan bukti valid fenomena alami bensin brebet motor bisa dari faktor lain seperti kualitas spbu atau masalah mesin saran resmi atau coba,julpaemon menurut pernyataan resmi pertamina pada oktober pertalite tidak dicampur etanol rumor dibantah campur bukan bukti valid fenomena alami bensin brebet motor bisa dari faktor lain seperti kualitas spbu atau masalah mesin saran resmi atau coba,"['julpaemon', 'menurut', 'pernyataan', 'resmi', 'pertamina', 'pada', 'oktober', 'pertalite', 'tidak', 'dicampur', 'etanol', 'rumor', 'dibantah', 'campur', 'bukan', 'bukti', 'valid', 'fenomena', 'alami', 'bensin', 'brebet', 'motor', 'bisa', 'dari', 'faktor', 'lain', 'seperti', 'kualitas', 'spbu', 'atau', 'masalah', 'mesin', 'saran', 'resmi', 'atau', 'coba']","['julpaemon', 'pernyataan', 'resmi', 'pertamina', 'oktober', 'pertalite', 'dicampur', 'etanol', 'rumor', 'dibantah', 'campur', 'bukti', 'valid', 'fenomena', 'alami', 'bensin', 'brebet', 'motor', 'faktor', 'kualitas', 'spbu', 'mesin', 'saran', 'resmi', 'coba']",julpaemon nyata resmi pertamina oktober pertalite campur etanol rumor ban campur bukti valid fenomena alami bensin brebet motor faktor kualitas spbu mesin saran resmi coba,neutral
@PresidenKopi Padahal ETANOL itu program pemerintah..yg di suruh jual pertamina..eh pertaminanya yg di hujat...,presidenkopi padahal etanol program pemerintahyg suruh jual pertaminaeh pertaminanya hujat,presidenkopi padahal etanol program pemerintahyg suruh jual pertaminaeh pertaminanya hujat,"['presidenkopi', 'padahal', 'etanol', 'program', 'pemerintahyg', 'suruh', 'jual', 'pertaminaeh', 'pertaminanya', 'hujat']","['presidenkopi', 'etanol', 'program', 'pemerintahyg', 'suruh', 'jual', 'pertaminaeh', 'pertaminanya', 'hujat']",presidenkopi etanol program pemerintahyg suruh jual pertaminaeh pertaminanya hujat,neutral
Bos Anak Usaha Pertamina Heran BBM Campur Etanol Diributkan https://t.co/8lAUgApYC9,anak usaha pertamina heran campur etanol diributkan tcolaugapyc,anak usaha pertamina heran campur etanol diributkan tcolaugapyc,"['anak', 'usaha', 'pertamina', 'heran', 'campur', 'etanol', 'diributkan', 'tcolaugapyc']","['anak', 'usaha', 'pertamina', 'heran', 'campur', 'etanol', 'diributkan', 'tcolaugapyc']",anak usaha pertamina heran campur etanol ribut tcolaugapyc,neutral
@tr1ey @Bambangmulyonoo @pertamina @bahlillahadalia @prabowo lah kok pake nanya kebijakan etanol kan atas persetujuan Prabowo wkwk,trey bambangmulyonoo pertamina bahlillahadalia prabowo pake nanya kebijakan etanol atas persetujuan prabowo wkwk,trey bambangmulyonoo pertamina bahlillahadalia prabowo pakai bertanya kebijakan etanol atas persetujuan prabowo wkwk,"['trey', 'bambangmulyonoo', 'pertamina', 'bahlillahadalia', 'prabowo', 'pakai', 'bertanya', 'kebijakan', 'etanol', 'atas', 'persetujuan', 'prabowo', 'wkwk']","['trey', 'bambangmulyonoo', 'pertamina', 'bahlillahadalia', 'prabowo', 'pakai', 'kebijakan', 'etanol', 'persetujuan', 'prabowo', 'wkwk']",trey bambangmulyonoo pertamina bahlillahadalia prabowo pakai bijak etanol tuju prabowo wkwk,neutral
@Dara_Cega @pertamina Kalau tidak percaya... Coba deh kendaraan baik motor atau mobil pejabat Pertamina &amp; BUMN berani isi Pertalite skrg dan nanti yg bercampur Etanol untuk Pembuktian saja.,daracega pertamina kalau tidak percaya coba kendaraan baik motor atau mobil pejabat pertamina bumn berani pertalite skrg nanti bercampur etanol untuk pembuktian saja,daracega pertamina kalau tidak percaya coba kendaraan baik motor atau mobil pejabat pertamina bumn berani pertalite sekarang nanti bercampur etanol untuk pembuktian saja,"['daracega', 'pertamina', 'kalau', 'tidak', 'percaya', 'coba', 'kendaraan', 'baik', 'motor', 'atau', 'mobil', 'pejabat', 'pertamina', 'bumn', 'berani', 'pertalite', 'sekarang', 'nanti', 'bercampur', 'etanol', 'untuk', 'pembuktian', 'saja']","['daracega', 'pertamina', 'percaya', 'coba', 'kendaraan', 'motor', 'mobil', 'pejabat', 'pertamina', 'bumn', 'berani', 'pertalite', 'bercampur', 'etanol', 'pembuktian']",daracega pertamina percaya coba kendara motor mobil jabat pertamina bumn berani pertalite campur etanol bukti,neutral
@hotzpace @valivearce @gadinglyfe Berdasarkan sumber terbaru BP-AKR sebelumnya menolak BBM dari Pertamina (yang merah ) karena mengandung 3.5% etanol dan mereka mencari pasokan tanpa etanol. Kini BP92 tersedia lagi kemungkinan menggunakan pasokan sendiri atau impor tanpa etanol. Info pasti tentang komposisi,hotzpace valivearce gadinglyfe berdasarkan sumber terbaru bpakr sebelumnya menolak dari pertamina yang merah karena mengandung etanol mereka mencari pasokan tanpa etanol kini bp tersedia lagi kemungkinan menggunakan pasokan sendiri atau impor tanpa etanol info pasti tentang komposisi,hotzpace valivearce gadinglyfe berdasarkan sumber terbaru bpakr sebelumnya menolak dari pertamina yang merah karena mengandung etanol mereka mencari pasokan tanpa etanol kini bp tersedia lagi kemungkinan menggunakan pasokan sendiri atau impor tanpa etanol info pasti tentang komposisi,"['hotzpace', 'valivearce', 'gadinglyfe', 'berdasarkan', 'sumber', 'terbaru', 'bpakr', 'sebelumnya', 'menolak', 'dari', 'pertamina', 'yang', 'merah', 'karena', 'mengandung', 'etanol', 'mereka', 'mencari', 'pasokan', 'tanpa', 'etanol', 'kini', 'bp', 'tersedia', 'lagi', 'kemungkinan', 'menggunakan', 'pasokan', 'sendiri', 'atau', 'impor', 'tanpa', 'etanol', 'info', 'pasti', 'tentang', 'komposisi']","['hotzpace', 'valivearce', 'gadinglyfe', 'berdasarkan', 'sumber', 'terbaru', 'bpakr', 'menolak', 'pertamina', 'merah', 'mengandung', 'etanol', 'mencari', 'pasokan', 'etanol', 'bp', 'tersedia', 'pasokan', 'impor', 'etanol', 'info', 'komposisi']",hotzpace valivearce gadinglyfe dasar sumber baru bpakr tolak pertamina merah kandung etanol cari pasok etanol bp sedia pasok impor etanol info komposisi,neutral
Hujan banjir macet dan make Pertamina. Sehat-sehat deh pengguna bensin Bahenol (Bahlil dan Etanol).,hujan banjir macet make pertamina sehatsehat pengguna bensin bahenol bahlil etanol,hujan banjir macet memakai pertamina sehatsehat pengguna bensin bahenol bahlil etanol,"['hujan', 'banjir', 'macet', 'memakai', 'pertamina', 'sehatsehat', 'pengguna', 'bensin', 'bahenol', 'bahlil', 'etanol']","['hujan', 'banjir', 'macet', 'memakai', 'pertamina', 'sehatsehat', 'pengguna', 'bensin', 'bahenol', 'bahlil', 'etanol']",hujan banjir macet pakai pertamina sehatsehat guna bensin bahenol bahlil etanol,neutral
@Catatan_ali7 @pertamina @pertamina bisa koreksi harga pertalite kah..? Katanya banyak mengandung air/etanol. Harga pertalite sendiri tanpa di campur etanol emang brapa...? Kl negara lain jual murni tanpa campuran harga lebih murah dr yg di campur. Apa jgn² harga etanol lebih tinggi dr bahan dasarnya ?,catatanali pertamina pertamina bisa koreksi harga pertalite katanya banyak mengandung airetanol harga pertalite sendiri tanpa campur etanol emang brapa negara lain jual murni tanpa campuran harga lebih murah campur jgn harga etanol lebih tinggi bahan dasarnya,catatanali pertamina pertamina bisa koreksi harga pertalite katanya banyak mengandung airetanol harga pertalite sendiri tanpa campur etanol memang berapa negara lain jual murni tanpa campuran harga lebih murah campur jangan harga etanol lebih tinggi bahan dasarnya,"['catatanali', 'pertamina', 'pertamina', 'bisa', 'koreksi', 'harga', 'pertalite', 'katanya', 'banyak', 'mengandung', 'airetanol', 'harga', 'pertalite', 'sendiri', 'tanpa', 'campur', 'etanol', 'memang', 'berapa', 'negara', 'lain', 'jual', 'murni', 'tanpa', 'campuran', 'harga', 'lebih', 'murah', 'campur', 'jangan', 'harga', 'etanol', 'lebih', 'tinggi', 'bahan', 'dasarnya']","['catatanali', 'pertamina', 'pertamina', 'koreksi', 'harga', 'pertalite', 'mengandung', 'airetanol', 'harga', 'pertalite', 'campur', 'etanol', 'negara', 'jual', 'murni', 'campuran', 'harga', 'murah', 'campur', 'harga', 'etanol', 'bahan', 'dasarnya']",catatanali pertamina pertamina koreksi harga pertalite kandung airetanol harga pertalite campur etanol negara jual murni campur harga murah campur harga etanol bahan dasar,neutral
@drupadawan @Captain_Dey @infomalang @pertamina Harusnya yg di cek itu bbmnya. Ada campuran bahan kimia lain atau tidak. Contohnya seperti : etanol dll,drupadawan captaindey infomalang pertamina harusnya bbmnya campuran bahan kimia lain atau tidak contohnya seperti etanol,drupadawan captaindey infomalang pertamina harusnya bbmnya campuran bahan kimia lain atau tidak contohnya seperti etanol,"['drupadawan', 'captaindey', 'infomalang', 'pertamina', 'harusnya', 'bbmnya', 'campuran', 'bahan', 'kimia', 'lain', 'atau', 'tidak', 'contohnya', 'seperti', 'etanol']","['drupadawan', 'captaindey', 'infomalang', 'pertamina', 'bbmnya', 'campuran', 'bahan', 'kimia', 'contohnya', 'etanol']",drupadawan captaindey infomalang pertamina bbmnya campur bahan kimia contoh etanol,neutral
@naufalhilmy1 @Captain_Dey @infomalang Lucu nya Bbm dicampur etanol Di cek nya kadar air Ada info jg bbm di campur spirtus Asumsi nya sih Krn bau nya beda Kira2 @pertamina bakal cek apa ? Ya kadar air lagi Jg yg di sidang yg uda dikondisikan dulu Coba yg suruh sidak swasta Apa laporan nya bakal sama ?,naufalhilmy captaindey infomalang lucu dicampur etanol kadar info campur spirtus asumsi beda kira pertamina bakal kadar lagi sidang dikondisikan dulu coba suruh sidak swasta laporan bakal sama,naufalhilmy captaindey infomalang lucu dicampur etanol kadar info campur spirtus asumsi beda kira pertamina bakal kadar lagi sidang dikondisikan dulu coba suruh sidak swasta laporan bakal sama,"['naufalhilmy', 'captaindey', 'infomalang', 'lucu', 'dicampur', 'etanol', 'kadar', 'info', 'campur', 'spirtus', 'asumsi', 'beda', 'kira', 'pertamina', 'bakal', 'kadar', 'lagi', 'sidang', 'dikondisikan', 'dulu', 'coba', 'suruh', 'sidak', 'swasta', 'laporan', 'bakal', 'sama']","['naufalhilmy', 'captaindey', 'infomalang', 'lucu', 'dicampur', 'etanol', 'kadar', 'info', 'campur', 'spirtus', 'asumsi', 'beda', 'pertamina', 'kadar', 'sidang', 'dikondisikan', 'coba', 'suruh', 'sidak', 'swasta', 'laporan']",naufalhilmy captaindey infomalang lucu campur etanol kadar info campur spirtus asumsi beda pertamina kadar sidang kondisi coba suruh sidak swasta lapor,neutral
@demeter_mr Bisa jadi dari bensin kak lagi rame bensin pertamina karena mulai + etanol jadi ada air yang ke serap. Kalau ku baca2 coba cek busi dkk nya si,demetermr bisa jadi dari bensin lagi rame bensin pertamina karena mulai etanol jadi yang serap kalau baca coba busi,demetermr bisa jadi dari bensin lagi rame bensin pertamina karena mulai etanol jadi yang serap kalau baca coba busi,"['demetermr', 'bisa', 'jadi', 'dari', 'bensin', 'lagi', 'rame', 'bensin', 'pertamina', 'karena', 'mulai', 'etanol', 'jadi', 'yang', 'serap', 'kalau', 'baca', 'coba', 'busi']","['demetermr', 'bensin', 'rame', 'bensin', 'pertamina', 'etanol', 'serap', 'baca', 'coba', 'busi']",demetermr bensin rame bensin pertamina etanol serap baca coba busi,neutral
@somexthread Penipuan publik bisa di pidana. Bila pertalite dicampur etanol harus nya di tulis pertalite campuran etanol dan pertalite murni. Pertamina harusnya jual 2 jenis yg campuran dan murni.,somexthread penipuan publik bisa pidana bila pertalite dicampur etanol harus tulis pertalite campuran etanol pertalite murni pertamina harusnya jual jenis campuran murni,somexthread penipuan publik bisa pidana bila pertalite dicampur etanol harus tulis pertalite campuran etanol pertalite murni pertamina harusnya jual jenis campuran murni,"['somexthread', 'penipuan', 'publik', 'bisa', 'pidana', 'bila', 'pertalite', 'dicampur', 'etanol', 'harus', 'tulis', 'pertalite', 'campuran', 'etanol', 'pertalite', 'murni', 'pertamina', 'harusnya', 'jual', 'jenis', 'campuran', 'murni']","['somexthread', 'penipuan', 'publik', 'pidana', 'pertalite', 'dicampur', 'etanol', 'tulis', 'pertalite', 'campuran', 'etanol', 'pertalite', 'murni', 'pertamina', 'jual', 'jenis', 'campuran', 'murni']",somexthread tipu publik pidana pertalite campur etanol tulis pertalite campur etanol pertalite murni pertamina jual jenis campur murni,neutral
@grok @DpkWulan @tempodotco Pertamina berulang kali menegaskan bahwa produk BBM mereka seperti Pertalite dan Pertamax tidak mengandung etanol. Tapi dalam kasus tata kelola impor dan blending BBM Kejagung menemukan bahwa base fuel yang digunakan Pertamina ternyata mengandung etanol.,grok dpkwulan tempodotco pertamina berulang kali menegaskan bahwa produk mereka seperti pertalite pertamax tidak mengandung etanol tapi dalam kasus tata kelola impor blending kejagung menemukan bahwa base fuel yang digunakan pertamina ternyata mengandung etanol,grok dpkwulan tempodotco pertamina berulang kali menegaskan bahwa produk mereka seperti pertalite pertamax tidak mengandung etanol tapi dalam kasus tata kelola impor blending kejagung menemukan bahwa base fuel yang digunakan pertamina ternyata mengandung etanol,"['grok', 'dpkwulan', 'tempodotco', 'pertamina', 'berulang', 'kali', 'menegaskan', 'bahwa', 'produk', 'mereka', 'seperti', 'pertalite', 'pertamax', 'tidak', 'mengandung', 'etanol', 'tapi', 'dalam', 'kasus', 'tata', 'kelola', 'impor', 'blending', 'kejagung', 'menemukan', 'bahwa', 'base', 'fuel', 'yang', 'digunakan', 'pertamina', 'ternyata', 'mengandung', 'etanol']","['grok', 'dpkwulan', 'tempodotco', 'pertamina', 'berulang', 'kali', 'produk', 'pertalite', 'pertamax', 'mengandung', 'etanol', 'tata', 'kelola', 'impor', 'blending', 'kejagung', 'menemukan', 'base', 'fuel', 'pertamina', 'mengandung', 'etanol']",grok dpkwulan tempodotco pertamina ulang kali produk pertalite pertamax kandung etanol tata kelola impor blending jagung temu base fuel pertamina kandung etanol,neutral
@sharpandshark Apa ini bagian dari proyek motor listrik. Rakyat di jejelin BBM ber etanol yg sbnr nya ga boleh buat motor besar..? Adapakah dg pertamina. Dan si mentri itu..?? Ada permainan apa??,sharpandshark bagian dari proyek motor listrik rakyat jejelin etanol sbnr boleh buat motor besar adapakah pertamina mentri permainan,sharpandshark bagian dari proyek motor listrik rakyat jejelin etanol sbnr boleh buat motor besar adapakah pertamina mentri permainan,"['sharpandshark', 'bagian', 'dari', 'proyek', 'motor', 'listrik', 'rakyat', 'jejelin', 'etanol', 'sbnr', 'boleh', 'buat', 'motor', 'besar', 'adapakah', 'pertamina', 'mentri', 'permainan']","['sharpandshark', 'proyek', 'motor', 'listrik', 'rakyat', 'jejelin', 'etanol', 'sbnr', 'motor', 'adapakah', 'pertamina', 'mentri', 'permainan']",sharpandshark proyek motor listrik rakyat jejelin etanol sbnr motor adapakah pertamina tri main,neutral
@sharpandshark Bahlul wajibin etanol kan kemungkinan cm krn gengsi aja sama Shell gara² dibilang minyak pertamina mengandung 3 5% etanol ,sharpandshark bahlul wajibin etanol kemungkinan gengsi sama shell gara dibilang minyak pertamina mengandung etanol,sharpandshark bahlul wajibin etanol kemungkinan gengsi sama shell gara dibilang minyak pertamina mengandung etanol,"['sharpandshark', 'bahlul', 'wajibin', 'etanol', 'kemungkinan', 'gengsi', 'sama', 'shell', 'gara', 'dibilang', 'minyak', 'pertamina', 'mengandung', 'etanol']","['sharpandshark', 'bahlul', 'wajibin', 'etanol', 'gengsi', 'shell', 'gara', 'dibilang', 'minyak', 'pertamina', 'mengandung', 'etanol']",sharpandshark bahlul wajibin etanol gengsi shell gara bilang minyak pertamina kandung etanol,neutral
@grok apakah pertamina sudah menambah kadar etanol dalam bbm kok banyak keluhan kendaraan brebet dan mogok minggu ini,grok apakah pertamina sudah menambah kadar etanol dalam banyak keluhan kendaraan brebet mogok minggu,grok apakah pertamina sudah menambah kadar etanol dalam banyak keluhan kendaraan brebet mogok minggu,"['grok', 'apakah', 'pertamina', 'sudah', 'menambah', 'kadar', 'etanol', 'dalam', 'banyak', 'keluhan', 'kendaraan', 'brebet', 'mogok', 'minggu']","['grok', 'pertamina', 'menambah', 'kadar', 'etanol', 'keluhan', 'kendaraan', 'brebet', 'mogok', 'minggu']",grok pertamina tambah kadar etanol keluh kendara brebet mogok minggu,neutral
@calomagang BBM Pertamina yg beredar sementara mengandung etanol hanya Pertamax Green 95 dan sementara distribusi masih di jawa,calomagang pertamina beredar sementara mengandung etanol hanya pertamax green sementara distribusi masih jawa,calomagang pertamina beredar sementara mengandung etanol hanya pertamax green sementara distribusi masih jawa,"['calomagang', 'pertamina', 'beredar', 'sementara', 'mengandung', 'etanol', 'hanya', 'pertamax', 'green', 'sementara', 'distribusi', 'masih', 'jawa']","['calomagang', 'pertamina', 'beredar', 'mengandung', 'etanol', 'pertamax', 'green', 'distribusi', 'jawa']",calomagang pertamina edar kandung etanol pertamax green distribusi jawa,neutral
@HumorJonTampan @CakTugiman @pertamina Mungkin mengandung etanol yg memabukkan jon.... Jd candu....,humorjontampan caktugiman pertamina mungkin mengandung etanol memabukkan candu,humorjontampan caktugiman pertamina mungkin mengandung etanol memabukkan candu,"['humorjontampan', 'caktugiman', 'pertamina', 'mungkin', 'mengandung', 'etanol', 'memabukkan', 'candu']","['humorjontampan', 'caktugiman', 'pertamina', 'mengandung', 'etanol', 'memabukkan', 'candu']",humorjontampan caktugiman pertamina kandung etanol mabuk candu,neutral
